code;city
5131;Adelaide Hills & Barossa SA
5132;Adelaide Hills & Barossa SA
5133;Adelaide Hills & Barossa SA
5134;Adelaide Hills & Barossa SA
5136;Adelaide Hills & Barossa SA
5137;Adelaide Hills & Barossa SA
5138;Adelaide Hills & Barossa SA
5139;Adelaide Hills & Barossa SA
5140;Adelaide Hills & Barossa SA
5141;Adelaide Hills & Barossa SA
5142;Adelaide Hills & Barossa SA
5144;Adelaide Hills & Barossa SA
5150;Adelaide Hills & Barossa SA
5151;Adelaide Hills & Barossa SA
5152;Adelaide Hills & Barossa SA
5153;Adelaide Hills & Barossa SA
5154;Adelaide Hills & Barossa SA
5155;Adelaide Hills & Barossa SA
5156;Adelaide Hills & Barossa SA
5231;Adelaide Hills & Barossa SA
5233;Adelaide Hills & Barossa SA
5232;Adelaide Hills & Barossa SA
5234;Adelaide Hills & Barossa SA
5235;Adelaide Hills & Barossa SA
5240;Adelaide Hills & Barossa SA
5241;Adelaide Hills & Barossa SA
5242;Adelaide Hills & Barossa SA
5243;Adelaide Hills & Barossa SA
5244;Adelaide Hills & Barossa SA
5245;Adelaide Hills & Barossa SA
5250;Adelaide Hills & Barossa SA
5251;Adelaide Hills & Barossa SA
5252;Adelaide Hills & Barossa SA
5254;Adelaide Hills & Barossa SA
5350;Adelaide Hills & Barossa SA
5351;Adelaide Hills & Barossa SA
5352;Adelaide Hills & Barossa SA
5353;Adelaide Hills & Barossa SA
5355;Adelaide Hills & Barossa SA
5360;Adelaide Hills & Barossa SA
5371;Adelaide Hills & Barossa SA
5372;Adelaide Hills & Barossa SA
5373;Adelaide Hills & Barossa SA
5400;Adelaide Hills & Barossa SA
5410;Adelaide Hills & Barossa SA
6316;Albany & Great Southern WA
6317;Albany & Great Southern WA
6318;Albany & Great Southern WA
6320;Albany & Great Southern WA
6321;Albany & Great Southern WA
6323;Albany & Great Southern WA
6322;Albany & Great Southern WA
6324;Albany & Great Southern WA
6327;Albany & Great Southern WA
6326;Albany & Great Southern WA
6328;Albany & Great Southern WA
6330;Albany & Great Southern WA
6333;Albany & Great Southern WA
6335;Albany & Great Southern WA
6336;Albany & Great Southern WA
6337;Albany & Great Southern WA
6338;Albany & Great Southern WA
6341;Albany & Great Southern WA
6346;Albany & Great Southern WA
6348;Albany & Great Southern WA
6394;Albany & Great Southern WA
6395;Albany & Great Southern WA
6396;Albany & Great Southern WA
6397;Albany & Great Southern WA
2640;Albury Wodonga & Murray NSW
2641;Albury Wodonga & Murray NSW
2731;Albury Wodonga & Murray NSW
2732;Albury Wodonga & Murray NSW
2733;Albury Wodonga & Murray NSW
2734;Albury Wodonga & Murray NSW
2735;Albury Wodonga & Murray NSW
2736;Albury Wodonga & Murray NSW
5000;All Adelaide SA
5006;All Adelaide SA
5007;All Adelaide SA
5008;All Adelaide SA
5009;All Adelaide SA
5010;All Adelaide SA
5011;All Adelaide SA
5012;All Adelaide SA
5013;All Adelaide SA
5014;All Adelaide SA
5015;All Adelaide SA
5016;All Adelaide SA
5017;All Adelaide SA
5018;All Adelaide SA
5019;All Adelaide SA
5020;All Adelaide SA
5022;All Adelaide SA
5021;All Adelaide SA
5023;All Adelaide SA
5024;All Adelaide SA
5025;All Adelaide SA
5031;All Adelaide SA
5032;All Adelaide SA
5033;All Adelaide SA
5034;All Adelaide SA
5035;All Adelaide SA
5037;All Adelaide SA
5038;All Adelaide SA
5039;All Adelaide SA
5040;All Adelaide SA
5041;All Adelaide SA
5042;All Adelaide SA
5043;All Adelaide SA
5044;All Adelaide SA
5045;All Adelaide SA
5046;All Adelaide SA
5047;All Adelaide SA
5048;All Adelaide SA
5049;All Adelaide SA
5050;All Adelaide SA
5051;All Adelaide SA
5052;All Adelaide SA
5061;All Adelaide SA
5062;All Adelaide SA
5063;All Adelaide SA
5064;All Adelaide SA
5065;All Adelaide SA
5066;All Adelaide SA
5067;All Adelaide SA
5068;All Adelaide SA
5069;All Adelaide SA
5070;All Adelaide SA
5072;All Adelaide SA
5073;All Adelaide SA
5074;All Adelaide SA
5075;All Adelaide SA
5076;All Adelaide SA
5081;All Adelaide SA
5082;All Adelaide SA
5083;All Adelaide SA
5084;All Adelaide SA
5085;All Adelaide SA
5086;All Adelaide SA
5087;All Adelaide SA
5088;All Adelaide SA
5089;All Adelaide SA
5090;All Adelaide SA
5091;All Adelaide SA
5092;All Adelaide SA
5093;All Adelaide SA
5094;All Adelaide SA
5095;All Adelaide SA
5096;All Adelaide SA
5097;All Adelaide SA
5098;All Adelaide SA
5106;All Adelaide SA
5107;All Adelaide SA
5108;All Adelaide SA
5109;All Adelaide SA
5110;All Adelaide SA
5111;All Adelaide SA
5112;All Adelaide SA
5113;All Adelaide SA
5114;All Adelaide SA
5115;All Adelaide SA
5116;All Adelaide SA
5117;All Adelaide SA
5118;All Adelaide SA
5120;All Adelaide SA
5121;All Adelaide SA
5125;All Adelaide SA
5126;All Adelaide SA
5127;All Adelaide SA
5158;All Adelaide SA
5159;All Adelaide SA
5160;All Adelaide SA
5161;All Adelaide SA
5162;All Adelaide SA
5163;All Adelaide SA
5164;All Adelaide SA
5165;All Adelaide SA
5166;All Adelaide SA
5167;All Adelaide SA
5168;All Adelaide SA
5169;All Adelaide SA
5170;All Adelaide SA
5171;All Adelaide SA
5173;All Adelaide SA
5174;All Adelaide SA
5950;All Adelaide SA
2600;All Canberra ACT
2601;All Canberra ACT
2602;All Canberra ACT
2603;All Canberra ACT
2604;All Canberra ACT
2605;All Canberra ACT
2606;All Canberra ACT
2607;All Canberra ACT
2609;All Canberra ACT
2611;All Canberra ACT
2612;All Canberra ACT
2614;All Canberra ACT
2615;All Canberra ACT
2617;All Canberra ACT
2618;All Canberra ACT
2900;All Canberra ACT
2902;All Canberra ACT
2903;All Canberra ACT
2904;All Canberra ACT
2905;All Canberra ACT
2906;All Canberra ACT
2911;All Canberra ACT
2912;All Canberra ACT
2913;All Canberra ACT
2914;All Canberra ACT
4207;All Gold Coast QLD
4208;All Gold Coast QLD
4209;All Gold Coast QLD
4210;All Gold Coast QLD
4211;All Gold Coast QLD
4212;All Gold Coast QLD
4213;All Gold Coast QLD
4214;All Gold Coast QLD
4215;All Gold Coast QLD
4216;All Gold Coast QLD
4217;All Gold Coast QLD
4218;All Gold Coast QLD
4219;All Gold Coast QLD
4220;All Gold Coast QLD
4221;All Gold Coast QLD
4223;All Gold Coast QLD
4224;All Gold Coast QLD
4225;All Gold Coast QLD
4226;All Gold Coast QLD
4227;All Gold Coast QLD
4228;All Gold Coast QLD
4270;All Gold Coast QLD
4271;All Gold Coast QLD
4272;All Gold Coast QLD
4275;All Gold Coast QLD
4285;All Gold Coast QLD
4287;All Gold Coast QLD
4307;All Gold Coast QLD
4309;All Gold Coast QLD
4310;All Gold Coast QLD
7000;All Hobart TAS
7004;All Hobart TAS
7005;All Hobart TAS
7007;All Hobart TAS
7008;All Hobart TAS
7009;All Hobart TAS
7010;All Hobart TAS
7011;All Hobart TAS
7012;All Hobart TAS
7015;All Hobart TAS
7017;All Hobart TAS
7016;All Hobart TAS
7018;All Hobart TAS
7019;All Hobart TAS
7020;All Hobart TAS
7022;All Hobart TAS
7023;All Hobart TAS
7021;All Hobart TAS
7024;All Hobart TAS
7025;All Hobart TAS
7050;All Hobart TAS
7053;All Hobart TAS
7054;All Hobart TAS
7055;All Hobart TAS
7150;All Hobart TAS
7155;All Hobart TAS
7162;All Hobart TAS
7163;All Hobart TAS
7170;All Hobart TAS
3847;Bairnsdale & Gippsland VIC
3850;Bairnsdale & Gippsland VIC
3851;Bairnsdale & Gippsland VIC
3852;Bairnsdale & Gippsland VIC
3857;Bairnsdale & Gippsland VIC
3858;Bairnsdale & Gippsland VIC
3859;Bairnsdale & Gippsland VIC
3860;Bairnsdale & Gippsland VIC
3862;Bairnsdale & Gippsland VIC
3864;Bairnsdale & Gippsland VIC
3865;Bairnsdale & Gippsland VIC
3871;Bairnsdale & Gippsland VIC
3873;Bairnsdale & Gippsland VIC
3874;Bairnsdale & Gippsland VIC
3875;Bairnsdale & Gippsland VIC
3878;Bairnsdale & Gippsland VIC
3880;Bairnsdale & Gippsland VIC
3882;Bairnsdale & Gippsland VIC
3885;Bairnsdale & Gippsland VIC
3886;Bairnsdale & Gippsland VIC
3887;Bairnsdale & Gippsland VIC
3888;Bairnsdale & Gippsland VIC
3889;Bairnsdale & Gippsland VIC
3890;Bairnsdale & Gippsland VIC
3891;Bairnsdale & Gippsland VIC
3892;Bairnsdale & Gippsland VIC
3893;Bairnsdale & Gippsland VIC
3895;Bairnsdale & Gippsland VIC
3896;Bairnsdale & Gippsland VIC
3898;Bairnsdale & Gippsland VIC
3900;Bairnsdale & Gippsland VIC
3902;Bairnsdale & Gippsland VIC
3903;Bairnsdale & Gippsland VIC
3904;Bairnsdale & Gippsland VIC
3909;Bairnsdale & Gippsland VIC
3945;Bairnsdale & Gippsland VIC
3946;Bairnsdale & Gippsland VIC
3950;Bairnsdale & Gippsland VIC
3951;Bairnsdale & Gippsland VIC
3953;Bairnsdale & Gippsland VIC
3954;Bairnsdale & Gippsland VIC
3956;Bairnsdale & Gippsland VIC
3958;Bairnsdale & Gippsland VIC
3959;Bairnsdale & Gippsland VIC
3960;Bairnsdale & Gippsland VIC
3962;Bairnsdale & Gippsland VIC
3964;Bairnsdale & Gippsland VIC
3965;Bairnsdale & Gippsland VIC
3966;Bairnsdale & Gippsland VIC
3967;Bairnsdale & Gippsland VIC
3971;Bairnsdale & Gippsland VIC
3987;Bairnsdale & Gippsland VIC
3988;Bairnsdale & Gippsland VIC
3321;Ballarat & Central Highlands VIC
3322;Ballarat & Central Highlands VIC
3328;Ballarat & Central Highlands VIC
3329;Ballarat & Central Highlands VIC
3330;Ballarat & Central Highlands VIC
3331;Ballarat & Central Highlands VIC
3332;Ballarat & Central Highlands VIC
3333;Ballarat & Central Highlands VIC
3350;Ballarat & Central Highlands VIC
3351;Ballarat & Central Highlands VIC
3352;Ballarat & Central Highlands VIC
3355;Ballarat & Central Highlands VIC
3356;Ballarat & Central Highlands VIC
3357;Ballarat & Central Highlands VIC
3360;Ballarat & Central Highlands VIC
3373;Ballarat & Central Highlands VIC
3375;Ballarat & Central Highlands VIC
3377;Ballarat & Central Highlands VIC
3378;Ballarat & Central Highlands VIC
3467;Ballarat & Central Highlands VIC
3468;Ballarat & Central Highlands VIC
3469;Ballarat & Central Highlands VIC
4157;Bayside & Eastern Suburbs Brisbane QLD
4158;Bayside & Eastern Suburbs Brisbane QLD
4159;Bayside & Eastern Suburbs Brisbane QLD
4160;Bayside & Eastern Suburbs Brisbane QLD
4161;Bayside & Eastern Suburbs Brisbane QLD
4163;Bayside & Eastern Suburbs Brisbane QLD
4164;Bayside & Eastern Suburbs Brisbane QLD
4165;Bayside & Eastern Suburbs Brisbane QLD
4183;Bayside & Eastern Suburbs Brisbane QLD
4184;Bayside & Eastern Suburbs Brisbane QLD
3145;Bayside & South Eastern Suburbs Melbourne VIC
3161;Bayside & South Eastern Suburbs Melbourne VIC
3162;Bayside & South Eastern Suburbs Melbourne VIC
3163;Bayside & South Eastern Suburbs Melbourne VIC
3165;Bayside & South Eastern Suburbs Melbourne VIC
3167;Bayside & South Eastern Suburbs Melbourne VIC
3169;Bayside & South Eastern Suburbs Melbourne VIC
3171;Bayside & South Eastern Suburbs Melbourne VIC
3172;Bayside & South Eastern Suburbs Melbourne VIC
3173;Bayside & South Eastern Suburbs Melbourne VIC
3174;Bayside & South Eastern Suburbs Melbourne VIC
3175;Bayside & South Eastern Suburbs Melbourne VIC
3177;Bayside & South Eastern Suburbs Melbourne VIC
3185;Bayside & South Eastern Suburbs Melbourne VIC
3186;Bayside & South Eastern Suburbs Melbourne VIC
3187;Bayside & South Eastern Suburbs Melbourne VIC
3188;Bayside & South Eastern Suburbs Melbourne VIC
3189;Bayside & South Eastern Suburbs Melbourne VIC
3190;Bayside & South Eastern Suburbs Melbourne VIC
3191;Bayside & South Eastern Suburbs Melbourne VIC
3192;Bayside & South Eastern Suburbs Melbourne VIC
3193;Bayside & South Eastern Suburbs Melbourne VIC
3194;Bayside & South Eastern Suburbs Melbourne VIC
3195;Bayside & South Eastern Suburbs Melbourne VIC
3196;Bayside & South Eastern Suburbs Melbourne VIC
3197;Bayside & South Eastern Suburbs Melbourne VIC
3198;Bayside & South Eastern Suburbs Melbourne VIC
3199;Bayside & South Eastern Suburbs Melbourne VIC
3200;Bayside & South Eastern Suburbs Melbourne VIC
3201;Bayside & South Eastern Suburbs Melbourne VIC
3202;Bayside & South Eastern Suburbs Melbourne VIC
3204;Bayside & South Eastern Suburbs Melbourne VIC
3802;Bayside & South Eastern Suburbs Melbourne VIC
3803;Bayside & South Eastern Suburbs Melbourne VIC
3804;Bayside & South Eastern Suburbs Melbourne VIC
3805;Bayside & South Eastern Suburbs Melbourne VIC
3806;Bayside & South Eastern Suburbs Melbourne VIC
3910;Bayside & South Eastern Suburbs Melbourne VIC
3975;Bayside & South Eastern Suburbs Melbourne VIC
3976;Bayside & South Eastern Suburbs Melbourne VIC
3977;Bayside & South Eastern Suburbs Melbourne VIC
3978;Bayside & South Eastern Suburbs Melbourne VIC
3980;Bayside & South Eastern Suburbs Melbourne VIC
3334;Bendigo, Goldfields & Macedon Ranges VIC
3341;Bendigo, Goldfields & Macedon Ranges VIC
3342;Bendigo, Goldfields & Macedon Ranges VIC
3345;Bendigo, Goldfields & Macedon Ranges VIC
3363;Bendigo, Goldfields & Macedon Ranges VIC
3364;Bendigo, Goldfields & Macedon Ranges VIC
3370;Bendigo, Goldfields & Macedon Ranges VIC
3371;Bendigo, Goldfields & Macedon Ranges VIC
3430;Bendigo, Goldfields & Macedon Ranges VIC
3431;Bendigo, Goldfields & Macedon Ranges VIC
3432;Bendigo, Goldfields & Macedon Ranges VIC
3433;Bendigo, Goldfields & Macedon Ranges VIC
3434;Bendigo, Goldfields & Macedon Ranges VIC
3435;Bendigo, Goldfields & Macedon Ranges VIC
3437;Bendigo, Goldfields & Macedon Ranges VIC
3438;Bendigo, Goldfields & Macedon Ranges VIC
3440;Bendigo, Goldfields & Macedon Ranges VIC
3441;Bendigo, Goldfields & Macedon Ranges VIC
3442;Bendigo, Goldfields & Macedon Ranges VIC
3444;Bendigo, Goldfields & Macedon Ranges VIC
3446;Bendigo, Goldfields & Macedon Ranges VIC
3447;Bendigo, Goldfields & Macedon Ranges VIC
3448;Bendigo, Goldfields & Macedon Ranges VIC
3450;Bendigo, Goldfields & Macedon Ranges VIC
3451;Bendigo, Goldfields & Macedon Ranges VIC
3453;Bendigo, Goldfields & Macedon Ranges VIC
3458;Bendigo, Goldfields & Macedon Ranges VIC
3460;Bendigo, Goldfields & Macedon Ranges VIC
3461;Bendigo, Goldfields & Macedon Ranges VIC
3462;Bendigo, Goldfields & Macedon Ranges VIC
3463;Bendigo, Goldfields & Macedon Ranges VIC
3464;Bendigo, Goldfields & Macedon Ranges VIC
3465;Bendigo, Goldfields & Macedon Ranges VIC
3472;Bendigo, Goldfields & Macedon Ranges VIC
3475;Bendigo, Goldfields & Macedon Ranges VIC
3515;Bendigo, Goldfields & Macedon Ranges VIC
3516;Bendigo, Goldfields & Macedon Ranges VIC
3517;Bendigo, Goldfields & Macedon Ranges VIC
3518;Bendigo, Goldfields & Macedon Ranges VIC
3520;Bendigo, Goldfields & Macedon Ranges VIC
3521;Bendigo, Goldfields & Macedon Ranges VIC
3522;Bendigo, Goldfields & Macedon Ranges VIC
3523;Bendigo, Goldfields & Macedon Ranges VIC
3537;Bendigo, Goldfields & Macedon Ranges VIC
3550;Bendigo, Goldfields & Macedon Ranges VIC
3551;Bendigo, Goldfields & Macedon Ranges VIC
3555;Bendigo, Goldfields & Macedon Ranges VIC
3556;Bendigo, Goldfields & Macedon Ranges VIC
3557;Bendigo, Goldfields & Macedon Ranges VIC
3559;Bendigo, Goldfields & Macedon Ranges VIC
3567;Bendigo, Goldfields & Macedon Ranges VIC
3570;Bendigo, Goldfields & Macedon Ranges VIC
3571;Bendigo, Goldfields & Macedon Ranges VIC
3573;Bendigo, Goldfields & Macedon Ranges VIC
3575;Bendigo, Goldfields & Macedon Ranges VIC
3576;Bendigo, Goldfields & Macedon Ranges VIC
3658;Bendigo, Goldfields & Macedon Ranges VIC
3659;Bendigo, Goldfields & Macedon Ranges VIC
3663;Bendigo, Goldfields & Macedon Ranges VIC
3753;Bendigo, Goldfields & Macedon Ranges VIC
3756;Bendigo, Goldfields & Macedon Ranges VIC
3758;Bendigo, Goldfields & Macedon Ranges VIC
3762;Bendigo, Goldfields & Macedon Ranges VIC
3764;Bendigo, Goldfields & Macedon Ranges VIC
2773;Blue Mountains & Central West NSW
2774;Blue Mountains & Central West NSW
2776;Blue Mountains & Central West NSW
2777;Blue Mountains & Central West NSW
2778;Blue Mountains & Central West NSW
2780;Blue Mountains & Central West NSW
2779;Blue Mountains & Central West NSW
2782;Blue Mountains & Central West NSW
2783;Blue Mountains & Central West NSW
2784;Blue Mountains & Central West NSW
2785;Blue Mountains & Central West NSW
2786;Blue Mountains & Central West NSW
2787;Blue Mountains & Central West NSW
2790;Blue Mountains & Central West NSW
2791;Blue Mountains & Central West NSW
2792;Blue Mountains & Central West NSW
2793;Blue Mountains & Central West NSW
2794;Blue Mountains & Central West NSW
2795;Blue Mountains & Central West NSW
2797;Blue Mountains & Central West NSW
2798;Blue Mountains & Central West NSW
2799;Blue Mountains & Central West NSW
2800;Blue Mountains & Central West NSW
2804;Blue Mountains & Central West NSW
2805;Blue Mountains & Central West NSW
2806;Blue Mountains & Central West NSW
2808;Blue Mountains & Central West NSW
2820;Blue Mountains & Central West NSW
2846;Blue Mountains & Central West NSW
2848;Blue Mountains & Central West NSW
2847;Blue Mountains & Central West NSW
2849;Blue Mountains & Central West NSW
2850;Blue Mountains & Central West NSW
2852;Blue Mountains & Central West NSW
2864;Blue Mountains & Central West NSW
2865;Blue Mountains & Central West NSW
2866;Blue Mountains & Central West NSW
2867;Blue Mountains & Central West NSW
2868;Blue Mountains & Central West NSW
4000;Brisbane CBD & Inner Suburbs Brisbane QLD
4005;Brisbane CBD & Inner Suburbs Brisbane QLD
4006;Brisbane CBD & Inner Suburbs Brisbane QLD
4007;Brisbane CBD & Inner Suburbs Brisbane QLD
4008;Brisbane CBD & Inner Suburbs Brisbane QLD
4009;Brisbane CBD & Inner Suburbs Brisbane QLD
4010;Brisbane CBD & Inner Suburbs Brisbane QLD
4011;Brisbane CBD & Inner Suburbs Brisbane QLD
4012;Brisbane CBD & Inner Suburbs Brisbane QLD
4013;Brisbane CBD & Inner Suburbs Brisbane QLD
4014;Brisbane CBD & Inner Suburbs Brisbane QLD
4017;Brisbane CBD & Inner Suburbs Brisbane QLD
4018;Brisbane CBD & Inner Suburbs Brisbane QLD
4025;Brisbane CBD & Inner Suburbs Brisbane QLD
4030;Brisbane CBD & Inner Suburbs Brisbane QLD
4031;Brisbane CBD & Inner Suburbs Brisbane QLD
4032;Brisbane CBD & Inner Suburbs Brisbane QLD
4034;Brisbane CBD & Inner Suburbs Brisbane QLD
4036;Brisbane CBD & Inner Suburbs Brisbane QLD
4051;Brisbane CBD & Inner Suburbs Brisbane QLD
4053;Brisbane CBD & Inner Suburbs Brisbane QLD
4059;Brisbane CBD & Inner Suburbs Brisbane QLD
4060;Brisbane CBD & Inner Suburbs Brisbane QLD
4061;Brisbane CBD & Inner Suburbs Brisbane QLD
4064;Brisbane CBD & Inner Suburbs Brisbane QLD
4065;Brisbane CBD & Inner Suburbs Brisbane QLD
4066;Brisbane CBD & Inner Suburbs Brisbane QLD
4067;Brisbane CBD & Inner Suburbs Brisbane QLD
4068;Brisbane CBD & Inner Suburbs Brisbane QLD
4069;Brisbane CBD & Inner Suburbs Brisbane QLD
4070;Brisbane CBD & Inner Suburbs Brisbane QLD
4073;Brisbane CBD & Inner Suburbs Brisbane QLD
4074;Brisbane CBD & Inner Suburbs Brisbane QLD
4075;Brisbane CBD & Inner Suburbs Brisbane QLD
4076;Brisbane CBD & Inner Suburbs Brisbane QLD
4077;Brisbane CBD & Inner Suburbs Brisbane QLD
4078;Brisbane CBD & Inner Suburbs Brisbane QLD
4101;Brisbane CBD & Inner Suburbs Brisbane QLD
4102;Brisbane CBD & Inner Suburbs Brisbane QLD
4103;Brisbane CBD & Inner Suburbs Brisbane QLD
4104;Brisbane CBD & Inner Suburbs Brisbane QLD
4105;Brisbane CBD & Inner Suburbs Brisbane QLD
4106;Brisbane CBD & Inner Suburbs Brisbane QLD
4107;Brisbane CBD & Inner Suburbs Brisbane QLD
4108;Brisbane CBD & Inner Suburbs Brisbane QLD
4109;Brisbane CBD & Inner Suburbs Brisbane QLD
4110;Brisbane CBD & Inner Suburbs Brisbane QLD
4111;Brisbane CBD & Inner Suburbs Brisbane QLD
4112;Brisbane CBD & Inner Suburbs Brisbane QLD
4113;Brisbane CBD & Inner Suburbs Brisbane QLD
4115;Brisbane CBD & Inner Suburbs Brisbane QLD
4116;Brisbane CBD & Inner Suburbs Brisbane QLD
4117;Brisbane CBD & Inner Suburbs Brisbane QLD
4120;Brisbane CBD & Inner Suburbs Brisbane QLD
4121;Brisbane CBD & Inner Suburbs Brisbane QLD
4122;Brisbane CBD & Inner Suburbs Brisbane QLD
4123;Brisbane CBD & Inner Suburbs Brisbane QLD
4151;Brisbane CBD & Inner Suburbs Brisbane QLD
4152;Brisbane CBD & Inner Suburbs Brisbane QLD
4154;Brisbane CBD & Inner Suburbs Brisbane QLD
4153;Brisbane CBD & Inner Suburbs Brisbane QLD
4155;Brisbane CBD & Inner Suburbs Brisbane QLD
4156;Brisbane CBD & Inner Suburbs Brisbane QLD
4169;Brisbane CBD & Inner Suburbs Brisbane QLD
4170;Brisbane CBD & Inner Suburbs Brisbane QLD
4171;Brisbane CBD & Inner Suburbs Brisbane QLD
4172;Brisbane CBD & Inner Suburbs Brisbane QLD
4173;Brisbane CBD & Inner Suburbs Brisbane QLD
4174;Brisbane CBD & Inner Suburbs Brisbane QLD
4178;Brisbane CBD & Inner Suburbs Brisbane QLD
4179;Brisbane CBD & Inner Suburbs Brisbane QLD
6725;Broome & Kimberley WA
6726;Broome & Kimberley WA
6728;Broome & Kimberley WA
6731;Broome & Kimberley WA
6733;Broome & Kimberley WA
6740;Broome & Kimberley WA
6743;Broome & Kimberley WA
6765;Broome & Kimberley WA
6770;Broome & Kimberley WA
6218;Bunbury & South West WA
6220;Bunbury & South West WA
6221;Bunbury & South West WA
6223;Bunbury & South West WA
6224;Bunbury & South West WA
6225;Bunbury & South West WA
6226;Bunbury & South West WA
6228;Bunbury & South West WA
6227;Bunbury & South West WA
6229;Bunbury & South West WA
6230;Bunbury & South West WA
6232;Bunbury & South West WA
6233;Bunbury & South West WA
6236;Bunbury & South West WA
6237;Bunbury & South West WA
6239;Bunbury & South West WA
6240;Bunbury & South West WA
6243;Bunbury & South West WA
6244;Bunbury & South West WA
6251;Bunbury & South West WA
6253;Bunbury & South West WA
6252;Bunbury & South West WA
6254;Bunbury & South West WA
6255;Bunbury & South West WA
6256;Bunbury & South West WA
6258;Bunbury & South West WA
6260;Bunbury & South West WA
6262;Bunbury & South West WA
6271;Bunbury & South West WA
6275;Bunbury & South West WA
6280;Bunbury & South West WA
6281;Bunbury & South West WA
6282;Bunbury & South West WA
6284;Bunbury & South West WA
6285;Bunbury & South West WA
6286;Bunbury & South West WA
6288;Bunbury & South West WA
6290;Bunbury & South West WA
6398;Bunbury & South West WA
4621;Bundaberg & Wide Bay Burnett QLD
4625;Bundaberg & Wide Bay Burnett QLD
4626;Bundaberg & Wide Bay Burnett QLD
4627;Bundaberg & Wide Bay Burnett QLD
4630;Bundaberg & Wide Bay Burnett QLD
4660;Bundaberg & Wide Bay Burnett QLD
4670;Bundaberg & Wide Bay Burnett QLD
4671;Bundaberg & Wide Bay Burnett QLD
4673;Bundaberg & Wide Bay Burnett QLD
4849;Cairns & Far North QLD
4852;Cairns & Far North QLD
4854;Cairns & Far North QLD
4855;Cairns & Far North QLD
4856;Cairns & Far North QLD
4858;Cairns & Far North QLD
4859;Cairns & Far North QLD
4860;Cairns & Far North QLD
4861;Cairns & Far North QLD
4865;Cairns & Far North QLD
4868;Cairns & Far North QLD
4869;Cairns & Far North QLD
4870;Cairns & Far North QLD
4871;Cairns & Far North QLD
4872;Cairns & Far North QLD
4873;Cairns & Far North QLD
4875;Cairns & Far North QLD
4876;Cairns & Far North QLD
4877;Cairns & Far North QLD
4878;Cairns & Far North QLD
4879;Cairns & Far North QLD
4880;Cairns & Far North QLD
4881;Cairns & Far North QLD
4882;Cairns & Far North QLD
4883;Cairns & Far North QLD
4884;Cairns & Far North QLD
4885;Cairns & Far North QLD
4886;Cairns & Far North QLD
4887;Cairns & Far North QLD
4888;Cairns & Far North QLD
4890;Cairns & Far North QLD
4891;Cairns & Far North QLD
4895;Cairns & Far North QLD
7027;Central & South East TAS
7026;Central & South East TAS
7030;Central & South East TAS
7109;Central & South East TAS
7112;Central & South East TAS
7116;Central & South East TAS
7113;Central & South East TAS
7117;Central & South East TAS
7119;Central & South East TAS
7120;Central & South East TAS
7140;Central & South East TAS
7151;Central & South East TAS
7171;Central & South East TAS
7172;Central & South East TAS
7173;Central & South East TAS
7175;Central & South East TAS
7174;Central & South East TAS
7177;Central & South East TAS
7176;Central & South East TAS
7178;Central & South East TAS
7180;Central & South East TAS
7182;Central & South East TAS
7183;Central & South East TAS
7184;Central & South East TAS
7185;Central & South East TAS
7186;Central & South East TAS
7187;Central & South East TAS
7304;Central & South East TAS
2441;Coffs Harbour & North Coast NSW
2447;Coffs Harbour & North Coast NSW
2448;Coffs Harbour & North Coast NSW
2449;Coffs Harbour & North Coast NSW
2450;Coffs Harbour & North Coast NSW
2452;Coffs Harbour & North Coast NSW
2453;Coffs Harbour & North Coast NSW
2454;Coffs Harbour & North Coast NSW
2455;Coffs Harbour & North Coast NSW
2456;Coffs Harbour & North Coast NSW
2460;Coffs Harbour & North Coast NSW
2462;Coffs Harbour & North Coast NSW
2463;Coffs Harbour & North Coast NSW
2464;Coffs Harbour & North Coast NSW
2465;Coffs Harbour & North Coast NSW
2466;Coffs Harbour & North Coast NSW
5440;Coober Pedy & Outback SA
5601;Coober Pedy & Outback SA
5690;Coober Pedy & Outback SA
5710;Coober Pedy & Outback SA
5720;Coober Pedy & Outback SA
5722;Coober Pedy & Outback SA
5723;Coober Pedy & Outback SA
5724;Coober Pedy & Outback SA
5725;Coober Pedy & Outback SA
5730;Coober Pedy & Outback SA
5731;Coober Pedy & Outback SA
5732;Coober Pedy & Outback SA
5733;Coober Pedy & Outback SA
5734;Coober Pedy & Outback SA
7256;Devonport & North West TAS
7305;Devonport & North West TAS
7306;Devonport & North West TAS
7307;Devonport & North West TAS
7310;Devonport & North West TAS
7315;Devonport & North West TAS
7316;Devonport & North West TAS
7320;Devonport & North West TAS
7321;Devonport & North West TAS
7322;Devonport & North West TAS
7325;Devonport & North West TAS
7330;Devonport & North West TAS
7331;Devonport & North West TAS
7466;Devonport & North West TAS
7467;Devonport & North West TAS
7468;Devonport & North West TAS
7469;Devonport & North West TAS
7470;Devonport & North West TAS
2357;Dubbo & Central NSW
2379;Dubbo & Central NSW
2395;Dubbo & Central NSW
2396;Dubbo & Central NSW
2668;Dubbo & Central NSW
2671;Dubbo & Central NSW
2672;Dubbo & Central NSW
2721;Dubbo & Central NSW
2809;Dubbo & Central NSW
2810;Dubbo & Central NSW
2821;Dubbo & Central NSW
2823;Dubbo & Central NSW
2824;Dubbo & Central NSW
2825;Dubbo & Central NSW
2827;Dubbo & Central NSW
2828;Dubbo & Central NSW
2829;Dubbo & Central NSW
2830;Dubbo & Central NSW
2831;Dubbo & Central NSW
2835;Dubbo & Central NSW
2842;Dubbo & Central NSW
2843;Dubbo & Central NSW
2844;Dubbo & Central NSW
2869;Dubbo & Central NSW
2870;Dubbo & Central NSW
2871;Dubbo & Central NSW
2873;Dubbo & Central NSW
2874;Dubbo & Central NSW
2875;Dubbo & Central NSW
2876;Dubbo & Central NSW
2877;Dubbo & Central NSW
3101;Eastern Suburbs Melbourne VIC
3102;Eastern Suburbs Melbourne VIC
3103;Eastern Suburbs Melbourne VIC
3104;Eastern Suburbs Melbourne VIC
3105;Eastern Suburbs Melbourne VIC
3106;Eastern Suburbs Melbourne VIC
3107;Eastern Suburbs Melbourne VIC
3108;Eastern Suburbs Melbourne VIC
3109;Eastern Suburbs Melbourne VIC
3111;Eastern Suburbs Melbourne VIC
3114;Eastern Suburbs Melbourne VIC
3113;Eastern Suburbs Melbourne VIC
3115;Eastern Suburbs Melbourne VIC
3122;Eastern Suburbs Melbourne VIC
3123;Eastern Suburbs Melbourne VIC
3124;Eastern Suburbs Melbourne VIC
3125;Eastern Suburbs Melbourne VIC
3126;Eastern Suburbs Melbourne VIC
3127;Eastern Suburbs Melbourne VIC
3128;Eastern Suburbs Melbourne VIC
3129;Eastern Suburbs Melbourne VIC
3130;Eastern Suburbs Melbourne VIC
3131;Eastern Suburbs Melbourne VIC
3132;Eastern Suburbs Melbourne VIC
3133;Eastern Suburbs Melbourne VIC
3134;Eastern Suburbs Melbourne VIC
3135;Eastern Suburbs Melbourne VIC
3136;Eastern Suburbs Melbourne VIC
3137;Eastern Suburbs Melbourne VIC
3147;Eastern Suburbs Melbourne VIC
3148;Eastern Suburbs Melbourne VIC
3149;Eastern Suburbs Melbourne VIC
3150;Eastern Suburbs Melbourne VIC
3151;Eastern Suburbs Melbourne VIC
3152;Eastern Suburbs Melbourne VIC
3153;Eastern Suburbs Melbourne VIC
3154;Eastern Suburbs Melbourne VIC
3155;Eastern Suburbs Melbourne VIC
3156;Eastern Suburbs Melbourne VIC
3166;Eastern Suburbs Melbourne VIC
3168;Eastern Suburbs Melbourne VIC
3170;Eastern Suburbs Melbourne VIC
3178;Eastern Suburbs Melbourne VIC
3179;Eastern Suburbs Melbourne VIC
3180;Eastern Suburbs Melbourne VIC
6051;Eastern Suburbs Perth WA
6052;Eastern Suburbs Perth WA
6053;Eastern Suburbs Perth WA
6054;Eastern Suburbs Perth WA
6055;Eastern Suburbs Perth WA
6056;Eastern Suburbs Perth WA
6057;Eastern Suburbs Perth WA
6058;Eastern Suburbs Perth WA
6062;Eastern Suburbs Perth WA
6063;Eastern Suburbs Perth WA
6066;Eastern Suburbs Perth WA
6067;Eastern Suburbs Perth WA
6069;Eastern Suburbs Perth WA
6068;Eastern Suburbs Perth WA
6071;Eastern Suburbs Perth WA
6072;Eastern Suburbs Perth WA
6070;Eastern Suburbs Perth WA
6073;Eastern Suburbs Perth WA
6076;Eastern Suburbs Perth WA
6079;Eastern Suburbs Perth WA
6081;Eastern Suburbs Perth WA
6082;Eastern Suburbs Perth WA
6083;Eastern Suburbs Perth WA
6084;Eastern Suburbs Perth WA
6090;Eastern Suburbs Perth WA
6103;Eastern Suburbs Perth WA
6104;Eastern Suburbs Perth WA
6105;Eastern Suburbs Perth WA
6556;Eastern Suburbs Perth WA
6558;Eastern Suburbs Perth WA
2386;Far West & North Central NSW
2387;Far West & North Central NSW
2648;Far West & North Central NSW
2715;Far West & North Central NSW
2738;Far West & North Central NSW
2739;Far West & North Central NSW
2832;Far West & North Central NSW
2833;Far West & North Central NSW
2834;Far West & North Central NSW
2836;Far West & North Central NSW
2839;Far West & North Central NSW
2840;Far West & North Central NSW
2878;Far West & North Central NSW
2879;Far West & North Central NSW
2880;Far West & North Central NSW
2898;Far West & North Central NSW
5157;Fleurieu Peninsula & Kangaroo Island SA
5172;Fleurieu Peninsula & Kangaroo Island SA
5201;Fleurieu Peninsula & Kangaroo Island SA
5202;Fleurieu Peninsula & Kangaroo Island SA
5203;Fleurieu Peninsula & Kangaroo Island SA
5204;Fleurieu Peninsula & Kangaroo Island SA
5210;Fleurieu Peninsula & Kangaroo Island SA
5211;Fleurieu Peninsula & Kangaroo Island SA
5212;Fleurieu Peninsula & Kangaroo Island SA
5213;Fleurieu Peninsula & Kangaroo Island SA
5214;Fleurieu Peninsula & Kangaroo Island SA
5220;Fleurieu Peninsula & Kangaroo Island SA
5221;Fleurieu Peninsula & Kangaroo Island SA
5222;Fleurieu Peninsula & Kangaroo Island SA
5223;Fleurieu Peninsula & Kangaroo Island SA
5255;Fleurieu Peninsula & Kangaroo Island SA
5256;Fleurieu Peninsula & Kangaroo Island SA
6102;Fremantle & Southern Suburbs Perth WA
6106;Fremantle & Southern Suburbs Perth WA
6107;Fremantle & Southern Suburbs Perth WA
6109;Fremantle & Southern Suburbs Perth WA
6108;Fremantle & Southern Suburbs Perth WA
6110;Fremantle & Southern Suburbs Perth WA
6111;Fremantle & Southern Suburbs Perth WA
6112;Fremantle & Southern Suburbs Perth WA
6147;Fremantle & Southern Suburbs Perth WA
6148;Fremantle & Southern Suburbs Perth WA
6149;Fremantle & Southern Suburbs Perth WA
6150;Fremantle & Southern Suburbs Perth WA
6153;Fremantle & Southern Suburbs Perth WA
6154;Fremantle & Southern Suburbs Perth WA
6155;Fremantle & Southern Suburbs Perth WA
6156;Fremantle & Southern Suburbs Perth WA
6157;Fremantle & Southern Suburbs Perth WA
6158;Fremantle & Southern Suburbs Perth WA
6159;Fremantle & Southern Suburbs Perth WA
6160;Fremantle & Southern Suburbs Perth WA
6161;Fremantle & Southern Suburbs Perth WA
6162;Fremantle & Southern Suburbs Perth WA
6163;Fremantle & Southern Suburbs Perth WA
6164;Fremantle & Southern Suburbs Perth WA
6166;Fremantle & Southern Suburbs Perth WA
3212;Geelong & Great Ocean Road VIC
3214;Geelong & Great Ocean Road VIC
3215;Geelong & Great Ocean Road VIC
3216;Geelong & Great Ocean Road VIC
3218;Geelong & Great Ocean Road VIC
3219;Geelong & Great Ocean Road VIC
3220;Geelong & Great Ocean Road VIC
3221;Geelong & Great Ocean Road VIC
3222;Geelong & Great Ocean Road VIC
3223;Geelong & Great Ocean Road VIC
3224;Geelong & Great Ocean Road VIC
3225;Geelong & Great Ocean Road VIC
3226;Geelong & Great Ocean Road VIC
3227;Geelong & Great Ocean Road VIC
3228;Geelong & Great Ocean Road VIC
3230;Geelong & Great Ocean Road VIC
3231;Geelong & Great Ocean Road VIC
3232;Geelong & Great Ocean Road VIC
3233;Geelong & Great Ocean Road VIC
3235;Geelong & Great Ocean Road VIC
3236;Geelong & Great Ocean Road VIC
3237;Geelong & Great Ocean Road VIC
3238;Geelong & Great Ocean Road VIC
3239;Geelong & Great Ocean Road VIC
3240;Geelong & Great Ocean Road VIC
3241;Geelong & Great Ocean Road VIC
3242;Geelong & Great Ocean Road VIC
3243;Geelong & Great Ocean Road VIC
3249;Geelong & Great Ocean Road VIC
3250;Geelong & Great Ocean Road VIC
3251;Geelong & Great Ocean Road VIC
3254;Geelong & Great Ocean Road VIC
3260;Geelong & Great Ocean Road VIC
3264;Geelong & Great Ocean Road VIC
3265;Geelong & Great Ocean Road VIC
3266;Geelong & Great Ocean Road VIC
3267;Geelong & Great Ocean Road VIC
3268;Geelong & Great Ocean Road VIC
3269;Geelong & Great Ocean Road VIC
3270;Geelong & Great Ocean Road VIC
3271;Geelong & Great Ocean Road VIC
3272;Geelong & Great Ocean Road VIC
3273;Geelong & Great Ocean Road VIC
3274;Geelong & Great Ocean Road VIC
3275;Geelong & Great Ocean Road VIC
3276;Geelong & Great Ocean Road VIC
3277;Geelong & Great Ocean Road VIC
3278;Geelong & Great Ocean Road VIC
3279;Geelong & Great Ocean Road VIC
3280;Geelong & Great Ocean Road VIC
3281;Geelong & Great Ocean Road VIC
3282;Geelong & Great Ocean Road VIC
3283;Geelong & Great Ocean Road VIC
3284;Geelong & Great Ocean Road VIC
3285;Geelong & Great Ocean Road VIC
3286;Geelong & Great Ocean Road VIC
3287;Geelong & Great Ocean Road VIC
3289;Geelong & Great Ocean Road VIC
3292;Geelong & Great Ocean Road VIC
3303;Geelong & Great Ocean Road VIC
3304;Geelong & Great Ocean Road VIC
3305;Geelong & Great Ocean Road VIC
3309;Geelong & Great Ocean Road VIC
3310;Geelong & Great Ocean Road VIC
3311;Geelong & Great Ocean Road VIC
3312;Geelong & Great Ocean Road VIC
3323;Geelong & Great Ocean Road VIC
3324;Geelong & Great Ocean Road VIC
3325;Geelong & Great Ocean Road VIC
3340;Geelong & Great Ocean Road VIC
3361;Geelong & Great Ocean Road VIC
3379;Geelong & Great Ocean Road VIC
6513;Geraldton, Gascoyne & Midwest WA
6514;Geraldton, Gascoyne & Midwest WA
6515;Geraldton, Gascoyne & Midwest WA
6517;Geraldton, Gascoyne & Midwest WA
6518;Geraldton, Gascoyne & Midwest WA
6519;Geraldton, Gascoyne & Midwest WA
6522;Geraldton, Gascoyne & Midwest WA
6525;Geraldton, Gascoyne & Midwest WA
6528;Geraldton, Gascoyne & Midwest WA
6530;Geraldton, Gascoyne & Midwest WA
6532;Geraldton, Gascoyne & Midwest WA
6535;Geraldton, Gascoyne & Midwest WA
6536;Geraldton, Gascoyne & Midwest WA
6537;Geraldton, Gascoyne & Midwest WA
6614;Geraldton, Gascoyne & Midwest WA
6616;Geraldton, Gascoyne & Midwest WA
6620;Geraldton, Gascoyne & Midwest WA
6623;Geraldton, Gascoyne & Midwest WA
6625;Geraldton, Gascoyne & Midwest WA
6627;Geraldton, Gascoyne & Midwest WA
6628;Geraldton, Gascoyne & Midwest WA
6630;Geraldton, Gascoyne & Midwest WA
6631;Geraldton, Gascoyne & Midwest WA
6632;Geraldton, Gascoyne & Midwest WA
6635;Geraldton, Gascoyne & Midwest WA
6638;Geraldton, Gascoyne & Midwest WA
6640;Geraldton, Gascoyne & Midwest WA
6642;Geraldton, Gascoyne & Midwest WA
6646;Geraldton, Gascoyne & Midwest WA
6701;Geraldton, Gascoyne & Midwest WA
6705;Geraldton, Gascoyne & Midwest WA
6707;Geraldton, Gascoyne & Midwest WA
4420;Gladstone & Central QLD
4674;Gladstone & Central QLD
4676;Gladstone & Central QLD
4677;Gladstone & Central QLD
4678;Gladstone & Central QLD
4680;Gladstone & Central QLD
4694;Gladstone & Central QLD
4695;Gladstone & Central QLD
4697;Gladstone & Central QLD
4709;Gladstone & Central QLD
4712;Gladstone & Central QLD
4713;Gladstone & Central QLD
4715;Gladstone & Central QLD
4716;Gladstone & Central QLD
4717;Gladstone & Central QLD
4718;Gladstone & Central QLD
4719;Gladstone & Central QLD
4720;Gladstone & Central QLD
4722;Gladstone & Central QLD
4723;Gladstone & Central QLD
2083;Gosford & Central Coast NSW
2250;Gosford & Central Coast NSW
2251;Gosford & Central Coast NSW
2256;Gosford & Central Coast NSW
2257;Gosford & Central Coast NSW
2258;Gosford & Central Coast NSW
2259;Gosford & Central Coast NSW
2260;Gosford & Central Coast NSW
2261;Gosford & Central Coast NSW
2262;Gosford & Central Coast NSW
2263;Gosford & Central Coast NSW
2575;Goulburn & Southern Tablelands NSW
2576;Goulburn & Southern Tablelands NSW
2577;Goulburn & Southern Tablelands NSW
2578;Goulburn & Southern Tablelands NSW
2579;Goulburn & Southern Tablelands NSW
2580;Goulburn & Southern Tablelands NSW
2581;Goulburn & Southern Tablelands NSW
2582;Goulburn & Southern Tablelands NSW
2583;Goulburn & Southern Tablelands NSW
2584;Goulburn & Southern Tablelands NSW
2585;Goulburn & Southern Tablelands NSW
2586;Goulburn & Southern Tablelands NSW
2587;Goulburn & Southern Tablelands NSW
2594;Goulburn & Southern Tablelands NSW
2619;Goulburn & Southern Tablelands NSW
2620;Goulburn & Southern Tablelands NSW
2622;Goulburn & Southern Tablelands NSW
2623;Goulburn & Southern Tablelands NSW
2726;Goulburn & Southern Tablelands NSW
2803;Goulburn & Southern Tablelands NSW
2807;Goulburn & Southern Tablelands NSW
4570;Hervey Bay & Fraser Coast QLD
4580;Hervey Bay & Fraser Coast QLD
4581;Hervey Bay & Fraser Coast QLD
4600;Hervey Bay & Fraser Coast QLD
4601;Hervey Bay & Fraser Coast QLD
4620;Hervey Bay & Fraser Coast QLD
4650;Hervey Bay & Fraser Coast QLD
4655;Hervey Bay & Fraser Coast QLD
4659;Hervey Bay & Fraser Coast QLD
4662;Hervey Bay & Fraser Coast QLD
3293;Horsham & Grampians VIC
3294;Horsham & Grampians VIC
3300;Horsham & Grampians VIC
3301;Horsham & Grampians VIC
3302;Horsham & Grampians VIC
3314;Horsham & Grampians VIC
3315;Horsham & Grampians VIC
3317;Horsham & Grampians VIC
3318;Horsham & Grampians VIC
3319;Horsham & Grampians VIC
3374;Horsham & Grampians VIC
3380;Horsham & Grampians VIC
3381;Horsham & Grampians VIC
3384;Horsham & Grampians VIC
3385;Horsham & Grampians VIC
3387;Horsham & Grampians VIC
3390;Horsham & Grampians VIC
3391;Horsham & Grampians VIC
3392;Horsham & Grampians VIC
3393;Horsham & Grampians VIC
3395;Horsham & Grampians VIC
3401;Horsham & Grampians VIC
3396;Horsham & Grampians VIC
3400;Horsham & Grampians VIC
3407;Horsham & Grampians VIC
3409;Horsham & Grampians VIC
3412;Horsham & Grampians VIC
3413;Horsham & Grampians VIC
3414;Horsham & Grampians VIC
3415;Horsham & Grampians VIC
3418;Horsham & Grampians VIC
3419;Horsham & Grampians VIC
3420;Horsham & Grampians VIC
3424;Horsham & Grampians VIC
3423;Horsham & Grampians VIC
3477;Horsham & Grampians VIC
3478;Horsham & Grampians VIC
3480;Horsham & Grampians VIC
3482;Horsham & Grampians VIC
3483;Horsham & Grampians VIC
3485;Horsham & Grampians VIC
3487;Horsham & Grampians VIC
3488;Horsham & Grampians VIC
3489;Horsham & Grampians VIC
3491;Horsham & Grampians VIC
3525;Horsham & Grampians VIC
3527;Horsham & Grampians VIC
3529;Horsham & Grampians VIC
3530;Horsham & Grampians VIC
3531;Horsham & Grampians VIC
3533;Horsham & Grampians VIC
3542;Horsham & Grampians VIC
6429;Kalgoorlie, Goldfields & Esperance WA
6430;Kalgoorlie, Goldfields & Esperance WA
6431;Kalgoorlie, Goldfields & Esperance WA
6432;Kalgoorlie, Goldfields & Esperance WA
6434;Kalgoorlie, Goldfields & Esperance WA
6436;Kalgoorlie, Goldfields & Esperance WA
6437;Kalgoorlie, Goldfields & Esperance WA
6438;Kalgoorlie, Goldfields & Esperance WA
6440;Kalgoorlie, Goldfields & Esperance WA
6442;Kalgoorlie, Goldfields & Esperance WA
6443;Kalgoorlie, Goldfields & Esperance WA
6445;Kalgoorlie, Goldfields & Esperance WA
6446;Kalgoorlie, Goldfields & Esperance WA
6447;Kalgoorlie, Goldfields & Esperance WA
6448;Kalgoorlie, Goldfields & Esperance WA
6450;Kalgoorlie, Goldfields & Esperance WA
6639;Kalgoorlie, Goldfields & Esperance WA
7190;Launceston & North East TAS
7209;Launceston & North East TAS
7210;Launceston & North East TAS
7211;Launceston & North East TAS
7212;Launceston & North East TAS
7213;Launceston & North East TAS
7214;Launceston & North East TAS
7215;Launceston & North East TAS
7216;Launceston & North East TAS
7248;Launceston & North East TAS
7249;Launceston & North East TAS
7250;Launceston & North East TAS
7252;Launceston & North East TAS
7253;Launceston & North East TAS
7254;Launceston & North East TAS
7255;Launceston & North East TAS
7258;Launceston & North East TAS
7259;Launceston & North East TAS
7260;Launceston & North East TAS
7261;Launceston & North East TAS
7262;Launceston & North East TAS
7263;Launceston & North East TAS
7264;Launceston & North East TAS
7265;Launceston & North East TAS
7267;Launceston & North East TAS
7268;Launceston & North East TAS
7270;Launceston & North East TAS
7275;Launceston & North East TAS
7277;Launceston & North East TAS
7290;Launceston & North East TAS
7291;Launceston & North East TAS
7292;Launceston & North East TAS
7300;Launceston & North East TAS
7301;Launceston & North East TAS
7302;Launceston & North East TAS
7303;Launceston & North East TAS
2469;Lismore & Far North Coast NSW
2470;Lismore & Far North Coast NSW
2471;Lismore & Far North Coast NSW
2472;Lismore & Far North Coast NSW
2473;Lismore & Far North Coast NSW
2474;Lismore & Far North Coast NSW
2475;Lismore & Far North Coast NSW
2476;Lismore & Far North Coast NSW
2477;Lismore & Far North Coast NSW
2478;Lismore & Far North Coast NSW
2479;Lismore & Far North Coast NSW
2480;Lismore & Far North Coast NSW
2481;Lismore & Far North Coast NSW
2482;Lismore & Far North Coast NSW
2483;Lismore & Far North Coast NSW
2484;Lismore & Far North Coast NSW
2485;Lismore & Far North Coast NSW
2486;Lismore & Far North Coast NSW
2487;Lismore & Far North Coast NSW
2488;Lismore & Far North Coast NSW
2489;Lismore & Far North Coast NSW
2490;Lismore & Far North Coast NSW
2899;Lismore & Far North Coast NSW
4705;Mackay & Coalfields QLD
4707;Mackay & Coalfields QLD
4721;Mackay & Coalfields QLD
4737;Mackay & Coalfields QLD
4738;Mackay & Coalfields QLD
4739;Mackay & Coalfields QLD
4740;Mackay & Coalfields QLD
4741;Mackay & Coalfields QLD
4742;Mackay & Coalfields QLD
4743;Mackay & Coalfields QLD
4744;Mackay & Coalfields QLD
4745;Mackay & Coalfields QLD
4746;Mackay & Coalfields QLD
4750;Mackay & Coalfields QLD
4751;Mackay & Coalfields QLD
4753;Mackay & Coalfields QLD
4754;Mackay & Coalfields QLD
4756;Mackay & Coalfields QLD
4757;Mackay & Coalfields QLD
4798;Mackay & Coalfields QLD
4799;Mackay & Coalfields QLD
6121;Mandurah & Peel WA
6122;Mandurah & Peel WA
6123;Mandurah & Peel WA
6124;Mandurah & Peel WA
6125;Mandurah & Peel WA
6126;Mandurah & Peel WA
6180;Mandurah & Peel WA
6181;Mandurah & Peel WA
6182;Mandurah & Peel WA
6207;Mandurah & Peel WA
6208;Mandurah & Peel WA
6209;Mandurah & Peel WA
6210;Mandurah & Peel WA
6211;Mandurah & Peel WA
6213;Mandurah & Peel WA
6214;Mandurah & Peel WA
6215;Mandurah & Peel WA
6390;Mandurah & Peel WA
3000;Melbourne CBD & Inner Suburbs Melbourne VIC
3002;Melbourne CBD & Inner Suburbs Melbourne VIC
3003;Melbourne CBD & Inner Suburbs Melbourne VIC
3006;Melbourne CBD & Inner Suburbs Melbourne VIC
3008;Melbourne CBD & Inner Suburbs Melbourne VIC
3051;Melbourne CBD & Inner Suburbs Melbourne VIC
3052;Melbourne CBD & Inner Suburbs Melbourne VIC
3053;Melbourne CBD & Inner Suburbs Melbourne VIC
3054;Melbourne CBD & Inner Suburbs Melbourne VIC
3066;Melbourne CBD & Inner Suburbs Melbourne VIC
3065;Melbourne CBD & Inner Suburbs Melbourne VIC
3067;Melbourne CBD & Inner Suburbs Melbourne VIC
3068;Melbourne CBD & Inner Suburbs Melbourne VIC
3121;Melbourne CBD & Inner Suburbs Melbourne VIC
3142;Melbourne CBD & Inner Suburbs Melbourne VIC
3141;Melbourne CBD & Inner Suburbs Melbourne VIC
3143;Melbourne CBD & Inner Suburbs Melbourne VIC
3144;Melbourne CBD & Inner Suburbs Melbourne VIC
3146;Melbourne CBD & Inner Suburbs Melbourne VIC
3181;Melbourne CBD & Inner Suburbs Melbourne VIC
3182;Melbourne CBD & Inner Suburbs Melbourne VIC
3183;Melbourne CBD & Inner Suburbs Melbourne VIC
3184;Melbourne CBD & Inner Suburbs Melbourne VIC
3205;Melbourne CBD & Inner Suburbs Melbourne VIC
3206;Melbourne CBD & Inner Suburbs Melbourne VIC
3207;Melbourne CBD & Inner Suburbs Melbourne VIC
3490;Mildura & Murray VIC
3494;Mildura & Murray VIC
3496;Mildura & Murray VIC
3500;Mildura & Murray VIC
3498;Mildura & Murray VIC
3501;Mildura & Murray VIC
3505;Mildura & Murray VIC
3506;Mildura & Murray VIC
3507;Mildura & Murray VIC
3509;Mildura & Murray VIC
3512;Mildura & Murray VIC
3540;Mildura & Murray VIC
3544;Mildura & Murray VIC
3546;Mildura & Murray VIC
3549;Mildura & Murray VIC
3568;Mildura & Murray VIC
3579;Mildura & Murray VIC
3580;Mildura & Murray VIC
3581;Mildura & Murray VIC
3583;Mildura & Murray VIC
3584;Mildura & Murray VIC
3585;Mildura & Murray VIC
3586;Mildura & Murray VIC
3588;Mildura & Murray VIC
3589;Mildura & Murray VIC
3590;Mildura & Murray VIC
3591;Mildura & Murray VIC
3594;Mildura & Murray VIC
3595;Mildura & Murray VIC
3596;Mildura & Murray VIC
3597;Mildura & Murray VIC
3599;Mildura & Murray VIC
3911;Mornington Peninsula & Bass Coast VIC
3912;Mornington Peninsula & Bass Coast VIC
3913;Mornington Peninsula & Bass Coast VIC
3915;Mornington Peninsula & Bass Coast VIC
3916;Mornington Peninsula & Bass Coast VIC
3918;Mornington Peninsula & Bass Coast VIC
3919;Mornington Peninsula & Bass Coast VIC
3921;Mornington Peninsula & Bass Coast VIC
3922;Mornington Peninsula & Bass Coast VIC
3925;Mornington Peninsula & Bass Coast VIC
3923;Mornington Peninsula & Bass Coast VIC
3926;Mornington Peninsula & Bass Coast VIC
3927;Mornington Peninsula & Bass Coast VIC
3929;Mornington Peninsula & Bass Coast VIC
3928;Mornington Peninsula & Bass Coast VIC
3930;Mornington Peninsula & Bass Coast VIC
3931;Mornington Peninsula & Bass Coast VIC
3933;Mornington Peninsula & Bass Coast VIC
3936;Mornington Peninsula & Bass Coast VIC
3934;Mornington Peninsula & Bass Coast VIC
3937;Mornington Peninsula & Bass Coast VIC
3938;Mornington Peninsula & Bass Coast VIC
3939;Mornington Peninsula & Bass Coast VIC
3940;Mornington Peninsula & Bass Coast VIC
3941;Mornington Peninsula & Bass Coast VIC
3942;Mornington Peninsula & Bass Coast VIC
3943;Mornington Peninsula & Bass Coast VIC
3944;Mornington Peninsula & Bass Coast VIC
3979;Mornington Peninsula & Bass Coast VIC
3990;Mornington Peninsula & Bass Coast VIC
3991;Mornington Peninsula & Bass Coast VIC
3992;Mornington Peninsula & Bass Coast VIC
3995;Mornington Peninsula & Bass Coast VIC
3996;Mornington Peninsula & Bass Coast VIC
5259;Mt Gambier & Limestone Coast SA
5261;Mt Gambier & Limestone Coast SA
5260;Mt Gambier & Limestone Coast SA
5262;Mt Gambier & Limestone Coast SA
5263;Mt Gambier & Limestone Coast SA
5264;Mt Gambier & Limestone Coast SA
5265;Mt Gambier & Limestone Coast SA
5266;Mt Gambier & Limestone Coast SA
5267;Mt Gambier & Limestone Coast SA
5268;Mt Gambier & Limestone Coast SA
5269;Mt Gambier & Limestone Coast SA
5270;Mt Gambier & Limestone Coast SA
5271;Mt Gambier & Limestone Coast SA
5272;Mt Gambier & Limestone Coast SA
5273;Mt Gambier & Limestone Coast SA
5275;Mt Gambier & Limestone Coast SA
5276;Mt Gambier & Limestone Coast SA
5277;Mt Gambier & Limestone Coast SA
5278;Mt Gambier & Limestone Coast SA
5279;Mt Gambier & Limestone Coast SA
5280;Mt Gambier & Limestone Coast SA
5290;Mt Gambier & Limestone Coast SA
5291;Mt Gambier & Limestone Coast SA
5301;Mt Gambier & Limestone Coast SA
4417;Mt Isa & Western QLD
4426;Mt Isa & Western QLD
4428;Mt Isa & Western QLD
4454;Mt Isa & Western QLD
4455;Mt Isa & Western QLD
4461;Mt Isa & Western QLD
4462;Mt Isa & Western QLD
4465;Mt Isa & Western QLD
4467;Mt Isa & Western QLD
4468;Mt Isa & Western QLD
4470;Mt Isa & Western QLD
4471;Mt Isa & Western QLD
4472;Mt Isa & Western QLD
4474;Mt Isa & Western QLD
4477;Mt Isa & Western QLD
4478;Mt Isa & Western QLD
4479;Mt Isa & Western QLD
4480;Mt Isa & Western QLD
4481;Mt Isa & Western QLD
4482;Mt Isa & Western QLD
4486;Mt Isa & Western QLD
4487;Mt Isa & Western QLD
4488;Mt Isa & Western QLD
4489;Mt Isa & Western QLD
4490;Mt Isa & Western QLD
4492;Mt Isa & Western QLD
4493;Mt Isa & Western QLD
4491;Mt Isa & Western QLD
4724;Mt Isa & Western QLD
4725;Mt Isa & Western QLD
4726;Mt Isa & Western QLD
4728;Mt Isa & Western QLD
4727;Mt Isa & Western QLD
4730;Mt Isa & Western QLD
4732;Mt Isa & Western QLD
4731;Mt Isa & Western QLD
4733;Mt Isa & Western QLD
4735;Mt Isa & Western QLD
4736;Mt Isa & Western QLD
4822;Mt Isa & Western QLD
4823;Mt Isa & Western QLD
4824;Mt Isa & Western QLD
4825;Mt Isa & Western QLD
4828;Mt Isa & Western QLD
4829;Mt Isa & Western QLD
4830;Mt Isa & Western QLD
4874;Mt Isa & Western QLD
2264;Newcastle, Maitland & Hunter NSW
2265;Newcastle, Maitland & Hunter NSW
2267;Newcastle, Maitland & Hunter NSW
2278;Newcastle, Maitland & Hunter NSW
2280;Newcastle, Maitland & Hunter NSW
2281;Newcastle, Maitland & Hunter NSW
2282;Newcastle, Maitland & Hunter NSW
2283;Newcastle, Maitland & Hunter NSW
2284;Newcastle, Maitland & Hunter NSW
2285;Newcastle, Maitland & Hunter NSW
2286;Newcastle, Maitland & Hunter NSW
2287;Newcastle, Maitland & Hunter NSW
2289;Newcastle, Maitland & Hunter NSW
2290;Newcastle, Maitland & Hunter NSW
2291;Newcastle, Maitland & Hunter NSW
2292;Newcastle, Maitland & Hunter NSW
2293;Newcastle, Maitland & Hunter NSW
2294;Newcastle, Maitland & Hunter NSW
2295;Newcastle, Maitland & Hunter NSW
2296;Newcastle, Maitland & Hunter NSW
2297;Newcastle, Maitland & Hunter NSW
2298;Newcastle, Maitland & Hunter NSW
2299;Newcastle, Maitland & Hunter NSW
2300;Newcastle, Maitland & Hunter NSW
2302;Newcastle, Maitland & Hunter NSW
2303;Newcastle, Maitland & Hunter NSW
2304;Newcastle, Maitland & Hunter NSW
2305;Newcastle, Maitland & Hunter NSW
2306;Newcastle, Maitland & Hunter NSW
2307;Newcastle, Maitland & Hunter NSW
2308;Newcastle, Maitland & Hunter NSW
2311;Newcastle, Maitland & Hunter NSW
2309;Newcastle, Maitland & Hunter NSW
2312;Newcastle, Maitland & Hunter NSW
2315;Newcastle, Maitland & Hunter NSW
2316;Newcastle, Maitland & Hunter NSW
2317;Newcastle, Maitland & Hunter NSW
2318;Newcastle, Maitland & Hunter NSW
2319;Newcastle, Maitland & Hunter NSW
2320;Newcastle, Maitland & Hunter NSW
2321;Newcastle, Maitland & Hunter NSW
2322;Newcastle, Maitland & Hunter NSW
2323;Newcastle, Maitland & Hunter NSW
2324;Newcastle, Maitland & Hunter NSW
2325;Newcastle, Maitland & Hunter NSW
2326;Newcastle, Maitland & Hunter NSW
2327;Newcastle, Maitland & Hunter NSW
2328;Newcastle, Maitland & Hunter NSW
2329;Newcastle, Maitland & Hunter NSW
2330;Newcastle, Maitland & Hunter NSW
2333;Newcastle, Maitland & Hunter NSW
2334;Newcastle, Maitland & Hunter NSW
2335;Newcastle, Maitland & Hunter NSW
2336;Newcastle, Maitland & Hunter NSW
2337;Newcastle, Maitland & Hunter NSW
2415;Newcastle, Maitland & Hunter NSW
2420;Newcastle, Maitland & Hunter NSW
2421;Newcastle, Maitland & Hunter NSW
2422;Newcastle, Maitland & Hunter NSW
2423;Newcastle, Maitland & Hunter NSW
2425;Newcastle, Maitland & Hunter NSW
2428;Newcastle, Maitland & Hunter NSW
2540;Newcastle, Maitland & Hunter NSW
2060;North Shore & Northern Beaches Sydney NSW
2061;North Shore & Northern Beaches Sydney NSW
2062;North Shore & Northern Beaches Sydney NSW
2065;North Shore & Northern Beaches Sydney NSW
2066;North Shore & Northern Beaches Sydney NSW
2068;North Shore & Northern Beaches Sydney NSW
2067;North Shore & Northern Beaches Sydney NSW
2069;North Shore & Northern Beaches Sydney NSW
2070;North Shore & Northern Beaches Sydney NSW
2071;North Shore & Northern Beaches Sydney NSW
2072;North Shore & Northern Beaches Sydney NSW
2073;North Shore & Northern Beaches Sydney NSW
2074;North Shore & Northern Beaches Sydney NSW
2075;North Shore & Northern Beaches Sydney NSW
2076;North Shore & Northern Beaches Sydney NSW
2082;North Shore & Northern Beaches Sydney NSW
2084;North Shore & Northern Beaches Sydney NSW
2085;North Shore & Northern Beaches Sydney NSW
2087;North Shore & Northern Beaches Sydney NSW
2088;North Shore & Northern Beaches Sydney NSW
2089;North Shore & Northern Beaches Sydney NSW
2090;North Shore & Northern Beaches Sydney NSW
2092;North Shore & Northern Beaches Sydney NSW
2093;North Shore & Northern Beaches Sydney NSW
2094;North Shore & Northern Beaches Sydney NSW
2095;North Shore & Northern Beaches Sydney NSW
2096;North Shore & Northern Beaches Sydney NSW
2097;North Shore & Northern Beaches Sydney NSW
2099;North Shore & Northern Beaches Sydney NSW
2100;North Shore & Northern Beaches Sydney NSW
2101;North Shore & Northern Beaches Sydney NSW
2102;North Shore & Northern Beaches Sydney NSW
2104;North Shore & Northern Beaches Sydney NSW
2105;North Shore & Northern Beaches Sydney NSW
2106;North Shore & Northern Beaches Sydney NSW
2107;North Shore & Northern Beaches Sydney NSW
2108;North Shore & Northern Beaches Sydney NSW
2110;North Shore & Northern Beaches Sydney NSW
2111;North Shore & Northern Beaches Sydney NSW
2077;North West & Hills District Sydney NSW
2079;North West & Hills District Sydney NSW
2080;North West & Hills District Sydney NSW
2081;North West & Hills District Sydney NSW
2118;North West & Hills District Sydney NSW
2119;North West & Hills District Sydney NSW
2120;North West & Hills District Sydney NSW
2121;North West & Hills District Sydney NSW
2125;North West & Hills District Sydney NSW
2126;North West & Hills District Sydney NSW
2152;North West & Hills District Sydney NSW
2155;North West & Hills District Sydney NSW
2156;North West & Hills District Sydney NSW
2157;North West & Hills District Sydney NSW
2158;North West & Hills District Sydney NSW
2159;North West & Hills District Sydney NSW
6041;Northam & Wheatbelt WA
6042;Northam & Wheatbelt WA
6043;Northam & Wheatbelt WA
6044;Northam & Wheatbelt WA
6302;Northam & Wheatbelt WA
6304;Northam & Wheatbelt WA
6306;Northam & Wheatbelt WA
6308;Northam & Wheatbelt WA
6309;Northam & Wheatbelt WA
6311;Northam & Wheatbelt WA
6312;Northam & Wheatbelt WA
6313;Northam & Wheatbelt WA
6315;Northam & Wheatbelt WA
6350;Northam & Wheatbelt WA
6351;Northam & Wheatbelt WA
6352;Northam & Wheatbelt WA
6353;Northam & Wheatbelt WA
6355;Northam & Wheatbelt WA
6356;Northam & Wheatbelt WA
6357;Northam & Wheatbelt WA
6358;Northam & Wheatbelt WA
6359;Northam & Wheatbelt WA
6361;Northam & Wheatbelt WA
6363;Northam & Wheatbelt WA
6365;Northam & Wheatbelt WA
6367;Northam & Wheatbelt WA
6368;Northam & Wheatbelt WA
6369;Northam & Wheatbelt WA
6370;Northam & Wheatbelt WA
6372;Northam & Wheatbelt WA
6373;Northam & Wheatbelt WA
6375;Northam & Wheatbelt WA
6383;Northam & Wheatbelt WA
6384;Northam & Wheatbelt WA
6385;Northam & Wheatbelt WA
6386;Northam & Wheatbelt WA
6391;Northam & Wheatbelt WA
6392;Northam & Wheatbelt WA
6393;Northam & Wheatbelt WA
6401;Northam & Wheatbelt WA
6403;Northam & Wheatbelt WA
6405;Northam & Wheatbelt WA
6407;Northam & Wheatbelt WA
6409;Northam & Wheatbelt WA
6410;Northam & Wheatbelt WA
6411;Northam & Wheatbelt WA
6412;Northam & Wheatbelt WA
6413;Northam & Wheatbelt WA
6414;Northam & Wheatbelt WA
6415;Northam & Wheatbelt WA
6419;Northam & Wheatbelt WA
6420;Northam & Wheatbelt WA
6418;Northam & Wheatbelt WA
6421;Northam & Wheatbelt WA
6422;Northam & Wheatbelt WA
6423;Northam & Wheatbelt WA
6424;Northam & Wheatbelt WA
6425;Northam & Wheatbelt WA
6426;Northam & Wheatbelt WA
6427;Northam & Wheatbelt WA
6428;Northam & Wheatbelt WA
6460;Northam & Wheatbelt WA
6461;Northam & Wheatbelt WA
6462;Northam & Wheatbelt WA
6463;Northam & Wheatbelt WA
6465;Northam & Wheatbelt WA
6467;Northam & Wheatbelt WA
6468;Northam & Wheatbelt WA
6466;Northam & Wheatbelt WA
6472;Northam & Wheatbelt WA
6473;Northam & Wheatbelt WA
6475;Northam & Wheatbelt WA
6476;Northam & Wheatbelt WA
6477;Northam & Wheatbelt WA
6479;Northam & Wheatbelt WA
6480;Northam & Wheatbelt WA
6484;Northam & Wheatbelt WA
6485;Northam & Wheatbelt WA
6487;Northam & Wheatbelt WA
6488;Northam & Wheatbelt WA
6489;Northam & Wheatbelt WA
6490;Northam & Wheatbelt WA
6501;Northam & Wheatbelt WA
6502;Northam & Wheatbelt WA
6503;Northam & Wheatbelt WA
6504;Northam & Wheatbelt WA
6505;Northam & Wheatbelt WA
6507;Northam & Wheatbelt WA
6506;Northam & Wheatbelt WA
6509;Northam & Wheatbelt WA
6510;Northam & Wheatbelt WA
6512;Northam & Wheatbelt WA
6511;Northam & Wheatbelt WA
6516;Northam & Wheatbelt WA
6521;Northam & Wheatbelt WA
6560;Northam & Wheatbelt WA
6562;Northam & Wheatbelt WA
6564;Northam & Wheatbelt WA
6566;Northam & Wheatbelt WA
6567;Northam & Wheatbelt WA
6568;Northam & Wheatbelt WA
6569;Northam & Wheatbelt WA
6571;Northam & Wheatbelt WA
6572;Northam & Wheatbelt WA
6574;Northam & Wheatbelt WA
6603;Northam & Wheatbelt WA
6575;Northam & Wheatbelt WA
6605;Northam & Wheatbelt WA
6606;Northam & Wheatbelt WA
6608;Northam & Wheatbelt WA
6609;Northam & Wheatbelt WA
6612;Northam & Wheatbelt WA
6613;Northam & Wheatbelt WA
6017;Northern Suburbs & Joondalup Perth WA
6018;Northern Suburbs & Joondalup Perth WA
6019;Northern Suburbs & Joondalup Perth WA
6020;Northern Suburbs & Joondalup Perth WA
6021;Northern Suburbs & Joondalup Perth WA
6022;Northern Suburbs & Joondalup Perth WA
6023;Northern Suburbs & Joondalup Perth WA
6024;Northern Suburbs & Joondalup Perth WA
6025;Northern Suburbs & Joondalup Perth WA
6026;Northern Suburbs & Joondalup Perth WA
6027;Northern Suburbs & Joondalup Perth WA
6028;Northern Suburbs & Joondalup Perth WA
6029;Northern Suburbs & Joondalup Perth WA
6030;Northern Suburbs & Joondalup Perth WA
6031;Northern Suburbs & Joondalup Perth WA
6033;Northern Suburbs & Joondalup Perth WA
6035;Northern Suburbs & Joondalup Perth WA
6034;Northern Suburbs & Joondalup Perth WA
6036;Northern Suburbs & Joondalup Perth WA
6038;Northern Suburbs & Joondalup Perth WA
6037;Northern Suburbs & Joondalup Perth WA
6050;Northern Suburbs & Joondalup Perth WA
6059;Northern Suburbs & Joondalup Perth WA
6060;Northern Suburbs & Joondalup Perth WA
6061;Northern Suburbs & Joondalup Perth WA
6064;Northern Suburbs & Joondalup Perth WA
6065;Northern Suburbs & Joondalup Perth WA
6077;Northern Suburbs & Joondalup Perth WA
6078;Northern Suburbs & Joondalup Perth WA
4019;Northern Suburbs Brisbane QLD
4020;Northern Suburbs Brisbane QLD
4021;Northern Suburbs Brisbane QLD
4022;Northern Suburbs Brisbane QLD
4035;Northern Suburbs Brisbane QLD
4037;Northern Suburbs Brisbane QLD
4054;Northern Suburbs Brisbane QLD
4055;Northern Suburbs Brisbane QLD
4500;Northern Suburbs Brisbane QLD
4501;Northern Suburbs Brisbane QLD
4502;Northern Suburbs Brisbane QLD
4503;Northern Suburbs Brisbane QLD
4504;Northern Suburbs Brisbane QLD
4505;Northern Suburbs Brisbane QLD
4506;Northern Suburbs Brisbane QLD
4507;Northern Suburbs Brisbane QLD
4508;Northern Suburbs Brisbane QLD
4509;Northern Suburbs Brisbane QLD
4510;Northern Suburbs Brisbane QLD
4511;Northern Suburbs Brisbane QLD
4512;Northern Suburbs Brisbane QLD
4514;Northern Suburbs Brisbane QLD
4516;Northern Suburbs Brisbane QLD
4520;Northern Suburbs Brisbane QLD
4521;Northern Suburbs Brisbane QLD
3043;Northern Suburbs Melbourne VIC
3044;Northern Suburbs Melbourne VIC
3045;Northern Suburbs Melbourne VIC
3046;Northern Suburbs Melbourne VIC
3047;Northern Suburbs Melbourne VIC
3048;Northern Suburbs Melbourne VIC
3049;Northern Suburbs Melbourne VIC
3055;Northern Suburbs Melbourne VIC
3056;Northern Suburbs Melbourne VIC
3057;Northern Suburbs Melbourne VIC
3058;Northern Suburbs Melbourne VIC
3059;Northern Suburbs Melbourne VIC
3061;Northern Suburbs Melbourne VIC
3060;Northern Suburbs Melbourne VIC
3062;Northern Suburbs Melbourne VIC
3063;Northern Suburbs Melbourne VIC
3064;Northern Suburbs Melbourne VIC
3070;Northern Suburbs Melbourne VIC
3072;Northern Suburbs Melbourne VIC
3071;Northern Suburbs Melbourne VIC
3073;Northern Suburbs Melbourne VIC
3075;Northern Suburbs Melbourne VIC
3074;Northern Suburbs Melbourne VIC
3076;Northern Suburbs Melbourne VIC
3078;Northern Suburbs Melbourne VIC
3079;Northern Suburbs Melbourne VIC
3081;Northern Suburbs Melbourne VIC
3082;Northern Suburbs Melbourne VIC
3083;Northern Suburbs Melbourne VIC
3084;Northern Suburbs Melbourne VIC
3085;Northern Suburbs Melbourne VIC
3087;Northern Suburbs Melbourne VIC
3088;Northern Suburbs Melbourne VIC
3090;Northern Suburbs Melbourne VIC
3089;Northern Suburbs Melbourne VIC
3091;Northern Suburbs Melbourne VIC
3093;Northern Suburbs Melbourne VIC
3094;Northern Suburbs Melbourne VIC
3095;Northern Suburbs Melbourne VIC
3096;Northern Suburbs Melbourne VIC
3097;Northern Suburbs Melbourne VIC
3099;Northern Suburbs Melbourne VIC
3429;Northern Suburbs Melbourne VIC
3428;Northern Suburbs Melbourne VIC
3750;Northern Suburbs Melbourne VIC
3751;Northern Suburbs Melbourne VIC
3752;Northern Suburbs Melbourne VIC
3754;Northern Suburbs Melbourne VIC
3755;Northern Suburbs Melbourne VIC
3757;Northern Suburbs Melbourne VIC
3759;Northern Suburbs Melbourne VIC
3760;Northern Suburbs Melbourne VIC
3761;Northern Suburbs Melbourne VIC
3775;Northern Suburbs Melbourne VIC
2116;Parramatta & Western Suburbs Sydney NSW
2117;Parramatta & Western Suburbs Sydney NSW
2127;Parramatta & Western Suburbs Sydney NSW
2141;Parramatta & Western Suburbs Sydney NSW
2142;Parramatta & Western Suburbs Sydney NSW
2143;Parramatta & Western Suburbs Sydney NSW
2145;Parramatta & Western Suburbs Sydney NSW
2146;Parramatta & Western Suburbs Sydney NSW
2147;Parramatta & Western Suburbs Sydney NSW
2148;Parramatta & Western Suburbs Sydney NSW
2150;Parramatta & Western Suburbs Sydney NSW
2151;Parramatta & Western Suburbs Sydney NSW
2153;Parramatta & Western Suburbs Sydney NSW
2160;Parramatta & Western Suburbs Sydney NSW
2161;Parramatta & Western Suburbs Sydney NSW
2163;Parramatta & Western Suburbs Sydney NSW
2164;Parramatta & Western Suburbs Sydney NSW
2165;Parramatta & Western Suburbs Sydney NSW
2166;Parramatta & Western Suburbs Sydney NSW
2175;Parramatta & Western Suburbs Sydney NSW
2176;Parramatta & Western Suburbs Sydney NSW
2177;Parramatta & Western Suburbs Sydney NSW
2178;Parramatta & Western Suburbs Sydney NSW
2745;Parramatta & Western Suburbs Sydney NSW
2747;Parramatta & Western Suburbs Sydney NSW
2748;Parramatta & Western Suburbs Sydney NSW
2749;Parramatta & Western Suburbs Sydney NSW
2750;Parramatta & Western Suburbs Sydney NSW
2759;Parramatta & Western Suburbs Sydney NSW
2760;Parramatta & Western Suburbs Sydney NSW
2761;Parramatta & Western Suburbs Sydney NSW
2762;Parramatta & Western Suburbs Sydney NSW
2763;Parramatta & Western Suburbs Sydney NSW
2765;Parramatta & Western Suburbs Sydney NSW
2766;Parramatta & Western Suburbs Sydney NSW
2767;Parramatta & Western Suburbs Sydney NSW
2768;Parramatta & Western Suburbs Sydney NSW
2769;Parramatta & Western Suburbs Sydney NSW
2770;Parramatta & Western Suburbs Sydney NSW
6000;Perth CBD, Inner & Western Suburbs Perth WA
6003;Perth CBD, Inner & Western Suburbs Perth WA
6005;Perth CBD, Inner & Western Suburbs Perth WA
6004;Perth CBD, Inner & Western Suburbs Perth WA
6007;Perth CBD, Inner & Western Suburbs Perth WA
6006;Perth CBD, Inner & Western Suburbs Perth WA
6008;Perth CBD, Inner & Western Suburbs Perth WA
6009;Perth CBD, Inner & Western Suburbs Perth WA
6010;Perth CBD, Inner & Western Suburbs Perth WA
6011;Perth CBD, Inner & Western Suburbs Perth WA
6012;Perth CBD, Inner & Western Suburbs Perth WA
6014;Perth CBD, Inner & Western Suburbs Perth WA
6015;Perth CBD, Inner & Western Suburbs Perth WA
6016;Perth CBD, Inner & Western Suburbs Perth WA
6100;Perth CBD, Inner & Western Suburbs Perth WA
6101;Perth CBD, Inner & Western Suburbs Perth WA
6151;Perth CBD, Inner & Western Suburbs Perth WA
6152;Perth CBD, Inner & Western Suburbs Perth WA
6710;Port Hedland, Karratha & Pilbara WA
6711;Port Hedland, Karratha & Pilbara WA
6712;Port Hedland, Karratha & Pilbara WA
6713;Port Hedland, Karratha & Pilbara WA
6714;Port Hedland, Karratha & Pilbara WA
6716;Port Hedland, Karratha & Pilbara WA
6718;Port Hedland, Karratha & Pilbara WA
6720;Port Hedland, Karratha & Pilbara WA
6721;Port Hedland, Karratha & Pilbara WA
6722;Port Hedland, Karratha & Pilbara WA
6751;Port Hedland, Karratha & Pilbara WA
6753;Port Hedland, Karratha & Pilbara WA
6754;Port Hedland, Karratha & Pilbara WA
6758;Port Hedland, Karratha & Pilbara WA
6760;Port Hedland, Karratha & Pilbara WA
6798;Port Hedland, Karratha & Pilbara WA
6799;Port Hedland, Karratha & Pilbara WA
2424;Port Macquarie & Mid North Coast NSW
2426;Port Macquarie & Mid North Coast NSW
2427;Port Macquarie & Mid North Coast NSW
2429;Port Macquarie & Mid North Coast NSW
2430;Port Macquarie & Mid North Coast NSW
2431;Port Macquarie & Mid North Coast NSW
2439;Port Macquarie & Mid North Coast NSW
2440;Port Macquarie & Mid North Coast NSW
2443;Port Macquarie & Mid North Coast NSW
2444;Port Macquarie & Mid North Coast NSW
2445;Port Macquarie & Mid North Coast NSW
2446;Port Macquarie & Mid North Coast NSW
2753;Richmond & Hawkesbury NSW
2754;Richmond & Hawkesbury NSW
2756;Richmond & Hawkesbury NSW
2757;Richmond & Hawkesbury NSW
2758;Richmond & Hawkesbury NSW
2775;Richmond & Hawkesbury NSW
5236;Riverland & Murray Mallee SA
5237;Riverland & Murray Mallee SA
5238;Riverland & Murray Mallee SA
5253;Riverland & Murray Mallee SA
5302;Riverland & Murray Mallee SA
5303;Riverland & Murray Mallee SA
5304;Riverland & Murray Mallee SA
5306;Riverland & Murray Mallee SA
5307;Riverland & Murray Mallee SA
5308;Riverland & Murray Mallee SA
5309;Riverland & Murray Mallee SA
5310;Riverland & Murray Mallee SA
5311;Riverland & Murray Mallee SA
5320;Riverland & Murray Mallee SA
5321;Riverland & Murray Mallee SA
5322;Riverland & Murray Mallee SA
5330;Riverland & Murray Mallee SA
5331;Riverland & Murray Mallee SA
5332;Riverland & Murray Mallee SA
5333;Riverland & Murray Mallee SA
5340;Riverland & Murray Mallee SA
5341;Riverland & Murray Mallee SA
5343;Riverland & Murray Mallee SA
5342;Riverland & Murray Mallee SA
5344;Riverland & Murray Mallee SA
5345;Riverland & Murray Mallee SA
5346;Riverland & Murray Mallee SA
5354;Riverland & Murray Mallee SA
5356;Riverland & Murray Mallee SA
5357;Riverland & Murray Mallee SA
4699;Rockhampton & Capricorn Coast QLD
4700;Rockhampton & Capricorn Coast QLD
4701;Rockhampton & Capricorn Coast QLD
4702;Rockhampton & Capricorn Coast QLD
4703;Rockhampton & Capricorn Coast QLD
4704;Rockhampton & Capricorn Coast QLD
4706;Rockhampton & Capricorn Coast QLD
4710;Rockhampton & Capricorn Coast QLD
4711;Rockhampton & Capricorn Coast QLD
4714;Rockhampton & Capricorn Coast QLD
6165;Rockingham & Kwinana Perth WA
6167;Rockingham & Kwinana Perth WA
6168;Rockingham & Kwinana Perth WA
6169;Rockingham & Kwinana Perth WA
6170;Rockingham & Kwinana Perth WA
6171;Rockingham & Kwinana Perth WA
6172;Rockingham & Kwinana Perth WA
6173;Rockingham & Kwinana Perth WA
6174;Rockingham & Kwinana Perth WA
6175;Rockingham & Kwinana Perth WA
6176;Rockingham & Kwinana Perth WA
2112;Ryde & Macquarie Park Sydney NSW
2113;Ryde & Macquarie Park Sydney NSW
2114;Ryde & Macquarie Park Sydney NSW
2122;Ryde & Macquarie Park Sydney NSW
3558;Shepparton & Goulburn Valley VIC
3561;Shepparton & Goulburn Valley VIC
3562;Shepparton & Goulburn Valley VIC
3563;Shepparton & Goulburn Valley VIC
3564;Shepparton & Goulburn Valley VIC
3565;Shepparton & Goulburn Valley VIC
3566;Shepparton & Goulburn Valley VIC
3572;Shepparton & Goulburn Valley VIC
3607;Shepparton & Goulburn Valley VIC
3608;Shepparton & Goulburn Valley VIC
3610;Shepparton & Goulburn Valley VIC
3612;Shepparton & Goulburn Valley VIC
3614;Shepparton & Goulburn Valley VIC
3616;Shepparton & Goulburn Valley VIC
3617;Shepparton & Goulburn Valley VIC
3618;Shepparton & Goulburn Valley VIC
3620;Shepparton & Goulburn Valley VIC
3621;Shepparton & Goulburn Valley VIC
3622;Shepparton & Goulburn Valley VIC
3623;Shepparton & Goulburn Valley VIC
3624;Shepparton & Goulburn Valley VIC
3629;Shepparton & Goulburn Valley VIC
3630;Shepparton & Goulburn Valley VIC
3631;Shepparton & Goulburn Valley VIC
3633;Shepparton & Goulburn Valley VIC
3634;Shepparton & Goulburn Valley VIC
3635;Shepparton & Goulburn Valley VIC
3636;Shepparton & Goulburn Valley VIC
3637;Shepparton & Goulburn Valley VIC
3638;Shepparton & Goulburn Valley VIC
3639;Shepparton & Goulburn Valley VIC
3640;Shepparton & Goulburn Valley VIC
3641;Shepparton & Goulburn Valley VIC
3644;Shepparton & Goulburn Valley VIC
3646;Shepparton & Goulburn Valley VIC
3649;Shepparton & Goulburn Valley VIC
3664;Shepparton & Goulburn Valley VIC
3665;Shepparton & Goulburn Valley VIC
3666;Shepparton & Goulburn Valley VIC
3669;Shepparton & Goulburn Valley VIC
3670;Shepparton & Goulburn Valley VIC
3673;Shepparton & Goulburn Valley VIC
3725;Shepparton & Goulburn Valley VIC
3726;Shepparton & Goulburn Valley VIC
3727;Shepparton & Goulburn Valley VIC
3728;Shepparton & Goulburn Valley VIC
3730;Shepparton & Goulburn Valley VIC
4311;Somerset & Lockyer QLD
4312;Somerset & Lockyer QLD
4313;Somerset & Lockyer QLD
4341;Somerset & Lockyer QLD
4342;Somerset & Lockyer QLD
4343;Somerset & Lockyer QLD
4344;Somerset & Lockyer QLD
4345;Somerset & Lockyer QLD
4347;Somerset & Lockyer QLD
4515;Somerset & Lockyer QLD
2162;South West & M5 Corridor Sydney NSW
2167;South West & M5 Corridor Sydney NSW
2168;South West & M5 Corridor Sydney NSW
2170;South West & M5 Corridor Sydney NSW
2171;South West & M5 Corridor Sydney NSW
2172;South West & M5 Corridor Sydney NSW
2173;South West & M5 Corridor Sydney NSW
2174;South West & M5 Corridor Sydney NSW
2179;South West & M5 Corridor Sydney NSW
2190;South West & M5 Corridor Sydney NSW
2197;South West & M5 Corridor Sydney NSW
2199;South West & M5 Corridor Sydney NSW
2198;South West & M5 Corridor Sydney NSW
2200;South West & M5 Corridor Sydney NSW
2211;South West & M5 Corridor Sydney NSW
2212;South West & M5 Corridor Sydney NSW
2213;South West & M5 Corridor Sydney NSW
2214;South West & M5 Corridor Sydney NSW
2555;South West & M5 Corridor Sydney NSW
2557;South West & M5 Corridor Sydney NSW
2556;South West & M5 Corridor Sydney NSW
2558;South West & M5 Corridor Sydney NSW
2559;South West & M5 Corridor Sydney NSW
2560;South West & M5 Corridor Sydney NSW
2563;South West & M5 Corridor Sydney NSW
2564;South West & M5 Corridor Sydney NSW
2565;South West & M5 Corridor Sydney NSW
2566;South West & M5 Corridor Sydney NSW
2567;South West & M5 Corridor Sydney NSW
2568;South West & M5 Corridor Sydney NSW
2569;South West & M5 Corridor Sydney NSW
2570;South West & M5 Corridor Sydney NSW
2571;South West & M5 Corridor Sydney NSW
2572;South West & M5 Corridor Sydney NSW
2574;South West & M5 Corridor Sydney NSW
2573;South West & M5 Corridor Sydney NSW
2752;South West & M5 Corridor Sydney NSW
4114;Southern Suburbs & Logan Brisbane QLD
4118;Southern Suburbs & Logan Brisbane QLD
4119;Southern Suburbs & Logan Brisbane QLD
4124;Southern Suburbs & Logan Brisbane QLD
4125;Southern Suburbs & Logan Brisbane QLD
4127;Southern Suburbs & Logan Brisbane QLD
4128;Southern Suburbs & Logan Brisbane QLD
4129;Southern Suburbs & Logan Brisbane QLD
4130;Southern Suburbs & Logan Brisbane QLD
4131;Southern Suburbs & Logan Brisbane QLD
4132;Southern Suburbs & Logan Brisbane QLD
4133;Southern Suburbs & Logan Brisbane QLD
4205;Southern Suburbs & Logan Brisbane QLD
4280;Southern Suburbs & Logan Brisbane QLD
2133;Southern Suburbs & Sutherland Shire Sydney NSW
2191;Southern Suburbs & Sutherland Shire Sydney NSW
2193;Southern Suburbs & Sutherland Shire Sydney NSW
2192;Southern Suburbs & Sutherland Shire Sydney NSW
2194;Southern Suburbs & Sutherland Shire Sydney NSW
2195;Southern Suburbs & Sutherland Shire Sydney NSW
2196;Southern Suburbs & Sutherland Shire Sydney NSW
2205;Southern Suburbs & Sutherland Shire Sydney NSW
2206;Southern Suburbs & Sutherland Shire Sydney NSW
2207;Southern Suburbs & Sutherland Shire Sydney NSW
2209;Southern Suburbs & Sutherland Shire Sydney NSW
2208;Southern Suburbs & Sutherland Shire Sydney NSW
2210;Southern Suburbs & Sutherland Shire Sydney NSW
2216;Southern Suburbs & Sutherland Shire Sydney NSW
2217;Southern Suburbs & Sutherland Shire Sydney NSW
2218;Southern Suburbs & Sutherland Shire Sydney NSW
2219;Southern Suburbs & Sutherland Shire Sydney NSW
2220;Southern Suburbs & Sutherland Shire Sydney NSW
2221;Southern Suburbs & Sutherland Shire Sydney NSW
2222;Southern Suburbs & Sutherland Shire Sydney NSW
2223;Southern Suburbs & Sutherland Shire Sydney NSW
2224;Southern Suburbs & Sutherland Shire Sydney NSW
2225;Southern Suburbs & Sutherland Shire Sydney NSW
2226;Southern Suburbs & Sutherland Shire Sydney NSW
2227;Southern Suburbs & Sutherland Shire Sydney NSW
2228;Southern Suburbs & Sutherland Shire Sydney NSW
2229;Southern Suburbs & Sutherland Shire Sydney NSW
2230;Southern Suburbs & Sutherland Shire Sydney NSW
2231;Southern Suburbs & Sutherland Shire Sydney NSW
2232;Southern Suburbs & Sutherland Shire Sydney NSW
2233;Southern Suburbs & Sutherland Shire Sydney NSW
2234;Southern Suburbs & Sutherland Shire Sydney NSW
4517;Sunshine Coast QLD
4518;Sunshine Coast QLD
4519;Sunshine Coast QLD
4550;Sunshine Coast QLD
4551;Sunshine Coast QLD
4552;Sunshine Coast QLD
4553;Sunshine Coast QLD
4554;Sunshine Coast QLD
4555;Sunshine Coast QLD
4556;Sunshine Coast QLD
4557;Sunshine Coast QLD
4558;Sunshine Coast QLD
4559;Sunshine Coast QLD
4560;Sunshine Coast QLD
4561;Sunshine Coast QLD
4562;Sunshine Coast QLD
4563;Sunshine Coast QLD
4564;Sunshine Coast QLD
4565;Sunshine Coast QLD
4566;Sunshine Coast QLD
4567;Sunshine Coast QLD
4568;Sunshine Coast QLD
4569;Sunshine Coast QLD
4571;Sunshine Coast QLD
4572;Sunshine Coast QLD
4573;Sunshine Coast QLD
4574;Sunshine Coast QLD
4575;Sunshine Coast QLD
2000;Sydney CBD, Inner West & Eastern Suburbs Sydney NSW
2007;Sydney CBD, Inner West & Eastern Suburbs Sydney NSW
2009;Sydney CBD, Inner West & Eastern Suburbs Sydney NSW
2008;Sydney CBD, Inner West & Eastern Suburbs Sydney NSW
2010;Sydney CBD, Inner West & Eastern Suburbs Sydney NSW
2011;Sydney CBD, Inner West & Eastern Suburbs Sydney NSW
2015;Sydney CBD, Inner West & Eastern Suburbs Sydney NSW
2016;Sydney CBD, Inner West & Eastern Suburbs Sydney NSW
2017;Sydney CBD, Inner West & Eastern Suburbs Sydney NSW
2018;Sydney CBD, Inner West & Eastern Suburbs Sydney NSW
2020;Sydney CBD, Inner West & Eastern Suburbs Sydney NSW
2021;Sydney CBD, Inner West & Eastern Suburbs Sydney NSW
2019;Sydney CBD, Inner West & Eastern Suburbs Sydney NSW
2023;Sydney CBD, Inner West & Eastern Suburbs Sydney NSW
2022;Sydney CBD, Inner West & Eastern Suburbs Sydney NSW
2024;Sydney CBD, Inner West & Eastern Suburbs Sydney NSW
2026;Sydney CBD, Inner West & Eastern Suburbs Sydney NSW
2027;Sydney CBD, Inner West & Eastern Suburbs Sydney NSW
2029;Sydney CBD, Inner West & Eastern Suburbs Sydney NSW
2030;Sydney CBD, Inner West & Eastern Suburbs Sydney NSW
2031;Sydney CBD, Inner West & Eastern Suburbs Sydney NSW
2032;Sydney CBD, Inner West & Eastern Suburbs Sydney NSW
2034;Sydney CBD, Inner West & Eastern Suburbs Sydney NSW
2035;Sydney CBD, Inner West & Eastern Suburbs Sydney NSW
2036;Sydney CBD, Inner West & Eastern Suburbs Sydney NSW
2037;Sydney CBD, Inner West & Eastern Suburbs Sydney NSW
2038;Sydney CBD, Inner West & Eastern Suburbs Sydney NSW
2039;Sydney CBD, Inner West & Eastern Suburbs Sydney NSW
2040;Sydney CBD, Inner West & Eastern Suburbs Sydney NSW
2041;Sydney CBD, Inner West & Eastern Suburbs Sydney NSW
2042;Sydney CBD, Inner West & Eastern Suburbs Sydney NSW
2043;Sydney CBD, Inner West & Eastern Suburbs Sydney NSW
2044;Sydney CBD, Inner West & Eastern Suburbs Sydney NSW
2045;Sydney CBD, Inner West & Eastern Suburbs Sydney NSW
2046;Sydney CBD, Inner West & Eastern Suburbs Sydney NSW
2048;Sydney CBD, Inner West & Eastern Suburbs Sydney NSW
2049;Sydney CBD, Inner West & Eastern Suburbs Sydney NSW
2050;Sydney CBD, Inner West & Eastern Suburbs Sydney NSW
2130;Sydney CBD, Inner West & Eastern Suburbs Sydney NSW
2132;Sydney CBD, Inner West & Eastern Suburbs Sydney NSW
2134;Sydney CBD, Inner West & Eastern Suburbs Sydney NSW
2135;Sydney CBD, Inner West & Eastern Suburbs Sydney NSW
2136;Sydney CBD, Inner West & Eastern Suburbs Sydney NSW
2137;Sydney CBD, Inner West & Eastern Suburbs Sydney NSW
2138;Sydney CBD, Inner West & Eastern Suburbs Sydney NSW
2140;Sydney CBD, Inner West & Eastern Suburbs Sydney NSW
2203;Sydney CBD, Inner West & Eastern Suburbs Sydney NSW
2204;Sydney CBD, Inner West & Eastern Suburbs Sydney NSW
2338;Tamworth & North West NSW
2339;Tamworth & North West NSW
2340;Tamworth & North West NSW
2341;Tamworth & North West NSW
2342;Tamworth & North West NSW
2343;Tamworth & North West NSW
2344;Tamworth & North West NSW
2345;Tamworth & North West NSW
2346;Tamworth & North West NSW
2347;Tamworth & North West NSW
2350;Tamworth & North West NSW
2352;Tamworth & North West NSW
2353;Tamworth & North West NSW
2354;Tamworth & North West NSW
2355;Tamworth & North West NSW
2356;Tamworth & North West NSW
2358;Tamworth & North West NSW
2359;Tamworth & North West NSW
2360;Tamworth & North West NSW
2361;Tamworth & North West NSW
2365;Tamworth & North West NSW
2369;Tamworth & North West NSW
2370;Tamworth & North West NSW
2371;Tamworth & North West NSW
2372;Tamworth & North West NSW
2380;Tamworth & North West NSW
2381;Tamworth & North West NSW
2382;Tamworth & North West NSW
2388;Tamworth & North West NSW
2390;Tamworth & North West NSW
2397;Tamworth & North West NSW
2398;Tamworth & North West NSW
2399;Tamworth & North West NSW
2400;Tamworth & North West NSW
2401;Tamworth & North West NSW
2402;Tamworth & North West NSW
2403;Tamworth & North West NSW
2404;Tamworth & North West NSW
2405;Tamworth & North West NSW
2406;Tamworth & North West NSW
2408;Tamworth & North West NSW
2409;Tamworth & North West NSW
2410;Tamworth & North West NSW
2411;Tamworth & North West NSW
4383;Tamworth & North West NSW
4350;Toowoomba & Darling Downs QLD
4352;Toowoomba & Darling Downs QLD
4353;Toowoomba & Darling Downs QLD
4354;Toowoomba & Darling Downs QLD
4355;Toowoomba & Darling Downs QLD
4356;Toowoomba & Darling Downs QLD
4357;Toowoomba & Darling Downs QLD
4358;Toowoomba & Darling Downs QLD
4359;Toowoomba & Darling Downs QLD
4360;Toowoomba & Darling Downs QLD
4361;Toowoomba & Darling Downs QLD
4362;Toowoomba & Darling Downs QLD
4363;Toowoomba & Darling Downs QLD
4364;Toowoomba & Darling Downs QLD
4365;Toowoomba & Darling Downs QLD
4370;Toowoomba & Darling Downs QLD
4371;Toowoomba & Darling Downs QLD
4372;Toowoomba & Darling Downs QLD
4373;Toowoomba & Darling Downs QLD
4374;Toowoomba & Darling Downs QLD
4375;Toowoomba & Darling Downs QLD
4376;Toowoomba & Darling Downs QLD
4377;Toowoomba & Darling Downs QLD
4378;Toowoomba & Darling Downs QLD
4380;Toowoomba & Darling Downs QLD
4381;Toowoomba & Darling Downs QLD
4382;Toowoomba & Darling Downs QLD
4385;Toowoomba & Darling Downs QLD
4384;Toowoomba & Darling Downs QLD
4387;Toowoomba & Darling Downs QLD
4388;Toowoomba & Darling Downs QLD
4390;Toowoomba & Darling Downs QLD
4401;Toowoomba & Darling Downs QLD
4400;Toowoomba & Darling Downs QLD
4402;Toowoomba & Darling Downs QLD
4403;Toowoomba & Darling Downs QLD
4404;Toowoomba & Darling Downs QLD
4405;Toowoomba & Darling Downs QLD
4406;Toowoomba & Darling Downs QLD
4407;Toowoomba & Darling Downs QLD
4410;Toowoomba & Darling Downs QLD
4408;Toowoomba & Darling Downs QLD
4411;Toowoomba & Darling Downs QLD
4412;Toowoomba & Darling Downs QLD
4413;Toowoomba & Darling Downs QLD
4415;Toowoomba & Darling Downs QLD
4416;Toowoomba & Darling Downs QLD
4418;Toowoomba & Darling Downs QLD
4419;Toowoomba & Darling Downs QLD
4421;Toowoomba & Darling Downs QLD
4422;Toowoomba & Darling Downs QLD
4423;Toowoomba & Darling Downs QLD
4424;Toowoomba & Darling Downs QLD
4425;Toowoomba & Darling Downs QLD
4427;Toowoomba & Darling Downs QLD
4494;Toowoomba & Darling Downs QLD
4496;Toowoomba & Darling Downs QLD
4497;Toowoomba & Darling Downs QLD
4498;Toowoomba & Darling Downs QLD
4605;Toowoomba & Darling Downs QLD
4606;Toowoomba & Darling Downs QLD
4608;Toowoomba & Darling Downs QLD
4610;Toowoomba & Darling Downs QLD
4611;Toowoomba & Darling Downs QLD
4612;Toowoomba & Darling Downs QLD
4613;Toowoomba & Darling Downs QLD
4614;Toowoomba & Darling Downs QLD
4615;Toowoomba & Darling Downs QLD
4800;Townsville & Northern QLD
4802;Townsville & Northern QLD
4803;Townsville & Northern QLD
4804;Townsville & Northern QLD
4805;Townsville & Northern QLD
4806;Townsville & Northern QLD
4807;Townsville & Northern QLD
4808;Townsville & Northern QLD
4809;Townsville & Northern QLD
4810;Townsville & Northern QLD
4811;Townsville & Northern QLD
4812;Townsville & Northern QLD
4814;Townsville & Northern QLD
4815;Townsville & Northern QLD
4816;Townsville & Northern QLD
4817;Townsville & Northern QLD
4818;Townsville & Northern QLD
4819;Townsville & Northern QLD
4820;Townsville & Northern QLD
4821;Townsville & Northern QLD
4850;Townsville & Northern QLD
3781;Traralgon & La Trobe Valley VIC
3782;Traralgon & La Trobe Valley VIC
3783;Traralgon & La Trobe Valley VIC
3807;Traralgon & La Trobe Valley VIC
3808;Traralgon & La Trobe Valley VIC
3809;Traralgon & La Trobe Valley VIC
3810;Traralgon & La Trobe Valley VIC
3812;Traralgon & La Trobe Valley VIC
3813;Traralgon & La Trobe Valley VIC
3814;Traralgon & La Trobe Valley VIC
3815;Traralgon & La Trobe Valley VIC
3816;Traralgon & La Trobe Valley VIC
3818;Traralgon & La Trobe Valley VIC
3820;Traralgon & La Trobe Valley VIC
3821;Traralgon & La Trobe Valley VIC
3822;Traralgon & La Trobe Valley VIC
3823;Traralgon & La Trobe Valley VIC
3824;Traralgon & La Trobe Valley VIC
3825;Traralgon & La Trobe Valley VIC
3831;Traralgon & La Trobe Valley VIC
3832;Traralgon & La Trobe Valley VIC
3833;Traralgon & La Trobe Valley VIC
3835;Traralgon & La Trobe Valley VIC
3840;Traralgon & La Trobe Valley VIC
3842;Traralgon & La Trobe Valley VIC
3844;Traralgon & La Trobe Valley VIC
3854;Traralgon & La Trobe Valley VIC
3856;Traralgon & La Trobe Valley VIC
3869;Traralgon & La Trobe Valley VIC
3870;Traralgon & La Trobe Valley VIC
3981;Traralgon & La Trobe Valley VIC
3984;Traralgon & La Trobe Valley VIC
2621;Tumut, Southern Highlands & Snowy NSW
2624;Tumut, Southern Highlands & Snowy NSW
2625;Tumut, Southern Highlands & Snowy NSW
2626;Tumut, Southern Highlands & Snowy NSW
2627;Tumut, Southern Highlands & Snowy NSW
2628;Tumut, Southern Highlands & Snowy NSW
2629;Tumut, Southern Highlands & Snowy NSW
2630;Tumut, Southern Highlands & Snowy NSW
2631;Tumut, Southern Highlands & Snowy NSW
2632;Tumut, Southern Highlands & Snowy NSW
2633;Tumut, Southern Highlands & Snowy NSW
2649;Tumut, Southern Highlands & Snowy NSW
2653;Tumut, Southern Highlands & Snowy NSW
2720;Tumut, Southern Highlands & Snowy NSW
2729;Tumut, Southern Highlands & Snowy NSW
2730;Tumut, Southern Highlands & Snowy NSW
3707;Tumut, Southern Highlands & Snowy NSW
2590;Wagga Wagga & Riverina NSW
2642;Wagga Wagga & Riverina NSW
2643;Wagga Wagga & Riverina NSW
2644;Wagga Wagga & Riverina NSW
2645;Wagga Wagga & Riverina NSW
2646;Wagga Wagga & Riverina NSW
2647;Wagga Wagga & Riverina NSW
2650;Wagga Wagga & Riverina NSW
2651;Wagga Wagga & Riverina NSW
2652;Wagga Wagga & Riverina NSW
2655;Wagga Wagga & Riverina NSW
2656;Wagga Wagga & Riverina NSW
2658;Wagga Wagga & Riverina NSW
2659;Wagga Wagga & Riverina NSW
2660;Wagga Wagga & Riverina NSW
2661;Wagga Wagga & Riverina NSW
2663;Wagga Wagga & Riverina NSW
2665;Wagga Wagga & Riverina NSW
2666;Wagga Wagga & Riverina NSW
2669;Wagga Wagga & Riverina NSW
2675;Wagga Wagga & Riverina NSW
2680;Wagga Wagga & Riverina NSW
2681;Wagga Wagga & Riverina NSW
2700;Wagga Wagga & Riverina NSW
2701;Wagga Wagga & Riverina NSW
2702;Wagga Wagga & Riverina NSW
2703;Wagga Wagga & Riverina NSW
2705;Wagga Wagga & Riverina NSW
2706;Wagga Wagga & Riverina NSW
2707;Wagga Wagga & Riverina NSW
2710;Wagga Wagga & Riverina NSW
2711;Wagga Wagga & Riverina NSW
2712;Wagga Wagga & Riverina NSW
2713;Wagga Wagga & Riverina NSW
2714;Wagga Wagga & Riverina NSW
2716;Wagga Wagga & Riverina NSW
2722;Wagga Wagga & Riverina NSW
2725;Wagga Wagga & Riverina NSW
2727;Wagga Wagga & Riverina NSW
2737;Wagga Wagga & Riverina NSW
4300;Western Suburbs & Ipswich Brisbane QLD
4301;Western Suburbs & Ipswich Brisbane QLD
4303;Western Suburbs & Ipswich Brisbane QLD
4304;Western Suburbs & Ipswich Brisbane QLD
4305;Western Suburbs & Ipswich Brisbane QLD
4306;Western Suburbs & Ipswich Brisbane QLD
4340;Western Suburbs & Ipswich Brisbane QLD
4346;Western Suburbs & Ipswich Brisbane QLD
3011;Western Suburbs Melbourne VIC
3012;Western Suburbs Melbourne VIC
3013;Western Suburbs Melbourne VIC
3015;Western Suburbs Melbourne VIC
3016;Western Suburbs Melbourne VIC
3018;Western Suburbs Melbourne VIC
3019;Western Suburbs Melbourne VIC
3020;Western Suburbs Melbourne VIC
3021;Western Suburbs Melbourne VIC
3022;Western Suburbs Melbourne VIC
3023;Western Suburbs Melbourne VIC
3024;Western Suburbs Melbourne VIC
3025;Western Suburbs Melbourne VIC
3026;Western Suburbs Melbourne VIC
3027;Western Suburbs Melbourne VIC
3028;Western Suburbs Melbourne VIC
3029;Western Suburbs Melbourne VIC
3030;Western Suburbs Melbourne VIC
3031;Western Suburbs Melbourne VIC
3032;Western Suburbs Melbourne VIC
3033;Western Suburbs Melbourne VIC
3034;Western Suburbs Melbourne VIC
3036;Western Suburbs Melbourne VIC
3037;Western Suburbs Melbourne VIC
3038;Western Suburbs Melbourne VIC
3039;Western Suburbs Melbourne VIC
3040;Western Suburbs Melbourne VIC
3041;Western Suburbs Melbourne VIC
3042;Western Suburbs Melbourne VIC
3211;Western Suburbs Melbourne VIC
3335;Western Suburbs Melbourne VIC
3337;Western Suburbs Melbourne VIC
3338;Western Suburbs Melbourne VIC
3427;Western Suburbs Melbourne VIC
5600;Whyalla & Eyre Peninsula SA
5602;Whyalla & Eyre Peninsula SA
5603;Whyalla & Eyre Peninsula SA
5604;Whyalla & Eyre Peninsula SA
5605;Whyalla & Eyre Peninsula SA
5606;Whyalla & Eyre Peninsula SA
5607;Whyalla & Eyre Peninsula SA
5608;Whyalla & Eyre Peninsula SA
5609;Whyalla & Eyre Peninsula SA
5630;Whyalla & Eyre Peninsula SA
5631;Whyalla & Eyre Peninsula SA
5632;Whyalla & Eyre Peninsula SA
5633;Whyalla & Eyre Peninsula SA
5640;Whyalla & Eyre Peninsula SA
5641;Whyalla & Eyre Peninsula SA
5642;Whyalla & Eyre Peninsula SA
5650;Whyalla & Eyre Peninsula SA
5651;Whyalla & Eyre Peninsula SA
5652;Whyalla & Eyre Peninsula SA
5653;Whyalla & Eyre Peninsula SA
5654;Whyalla & Eyre Peninsula SA
5655;Whyalla & Eyre Peninsula SA
5660;Whyalla & Eyre Peninsula SA
5661;Whyalla & Eyre Peninsula SA
5670;Whyalla & Eyre Peninsula SA
5671;Whyalla & Eyre Peninsula SA
5680;Whyalla & Eyre Peninsula SA
5700;Whyalla & Eyre Peninsula SA
2500;Wollongong, Illawarra & South Coast NSW
2502;Wollongong, Illawarra & South Coast NSW
2505;Wollongong, Illawarra & South Coast NSW
2506;Wollongong, Illawarra & South Coast NSW
2508;Wollongong, Illawarra & South Coast NSW
2515;Wollongong, Illawarra & South Coast NSW
2516;Wollongong, Illawarra & South Coast NSW
2517;Wollongong, Illawarra & South Coast NSW
2518;Wollongong, Illawarra & South Coast NSW
2519;Wollongong, Illawarra & South Coast NSW
2525;Wollongong, Illawarra & South Coast NSW
2526;Wollongong, Illawarra & South Coast NSW
2527;Wollongong, Illawarra & South Coast NSW
2528;Wollongong, Illawarra & South Coast NSW
2529;Wollongong, Illawarra & South Coast NSW
2530;Wollongong, Illawarra & South Coast NSW
2533;Wollongong, Illawarra & South Coast NSW
2534;Wollongong, Illawarra & South Coast NSW
2535;Wollongong, Illawarra & South Coast NSW
2536;Wollongong, Illawarra & South Coast NSW
2537;Wollongong, Illawarra & South Coast NSW
2538;Wollongong, Illawarra & South Coast NSW
2539;Wollongong, Illawarra & South Coast NSW
2541;Wollongong, Illawarra & South Coast NSW
2545;Wollongong, Illawarra & South Coast NSW
2546;Wollongong, Illawarra & South Coast NSW
2548;Wollongong, Illawarra & South Coast NSW
2549;Wollongong, Illawarra & South Coast NSW
2550;Wollongong, Illawarra & South Coast NSW
2551;Wollongong, Illawarra & South Coast NSW
3116;Yarra Valley & High Country VIC
3138;Yarra Valley & High Country VIC
3139;Yarra Valley & High Country VIC
3140;Yarra Valley & High Country VIC
3158;Yarra Valley & High Country VIC
3159;Yarra Valley & High Country VIC
3160;Yarra Valley & High Country VIC
3660;Yarra Valley & High Country VIC
3675;Yarra Valley & High Country VIC
3677;Yarra Valley & High Country VIC
3678;Yarra Valley & High Country VIC
3682;Yarra Valley & High Country VIC
3683;Yarra Valley & High Country VIC
3685;Yarra Valley & High Country VIC
3687;Yarra Valley & High Country VIC
3688;Yarra Valley & High Country VIC
3690;Yarra Valley & High Country VIC
3691;Yarra Valley & High Country VIC
3695;Yarra Valley & High Country VIC
3694;Yarra Valley & High Country VIC
3697;Yarra Valley & High Country VIC
3698;Yarra Valley & High Country VIC
3699;Yarra Valley & High Country VIC
3700;Yarra Valley & High Country VIC
3701;Yarra Valley & High Country VIC
3705;Yarra Valley & High Country VIC
3704;Yarra Valley & High Country VIC
3708;Yarra Valley & High Country VIC
3709;Yarra Valley & High Country VIC
3711;Yarra Valley & High Country VIC
3712;Yarra Valley & High Country VIC
3713;Yarra Valley & High Country VIC
3714;Yarra Valley & High Country VIC
3715;Yarra Valley & High Country VIC
3717;Yarra Valley & High Country VIC
3718;Yarra Valley & High Country VIC
3719;Yarra Valley & High Country VIC
3720;Yarra Valley & High Country VIC
3722;Yarra Valley & High Country VIC
3723;Yarra Valley & High Country VIC
3732;Yarra Valley & High Country VIC
3733;Yarra Valley & High Country VIC
3735;Yarra Valley & High Country VIC
3737;Yarra Valley & High Country VIC
3738;Yarra Valley & High Country VIC
3739;Yarra Valley & High Country VIC
3740;Yarra Valley & High Country VIC
3741;Yarra Valley & High Country VIC
3744;Yarra Valley & High Country VIC
3746;Yarra Valley & High Country VIC
3747;Yarra Valley & High Country VIC
3749;Yarra Valley & High Country VIC
3763;Yarra Valley & High Country VIC
3765;Yarra Valley & High Country VIC
3766;Yarra Valley & High Country VIC
3770;Yarra Valley & High Country VIC
3767;Yarra Valley & High Country VIC
3777;Yarra Valley & High Country VIC
3778;Yarra Valley & High Country VIC
3779;Yarra Valley & High Country VIC
3786;Yarra Valley & High Country VIC
3785;Yarra Valley & High Country VIC
3787;Yarra Valley & High Country VIC
3788;Yarra Valley & High Country VIC
3789;Yarra Valley & High Country VIC
3791;Yarra Valley & High Country VIC
3792;Yarra Valley & High Country VIC
3793;Yarra Valley & High Country VIC
3795;Yarra Valley & High Country VIC
3796;Yarra Valley & High Country VIC
3797;Yarra Valley & High Country VIC
3799;Yarra Valley & High Country VIC
5374;Yorke Peninsula & Clare Valley SA
5381;Yorke Peninsula & Clare Valley SA
5401;Yorke Peninsula & Clare Valley SA
5411;Yorke Peninsula & Clare Valley SA
5412;Yorke Peninsula & Clare Valley SA
5413;Yorke Peninsula & Clare Valley SA
5414;Yorke Peninsula & Clare Valley SA
5415;Yorke Peninsula & Clare Valley SA
5416;Yorke Peninsula & Clare Valley SA
5417;Yorke Peninsula & Clare Valley SA
5418;Yorke Peninsula & Clare Valley SA
5419;Yorke Peninsula & Clare Valley SA
5420;Yorke Peninsula & Clare Valley SA
5421;Yorke Peninsula & Clare Valley SA
5422;Yorke Peninsula & Clare Valley SA
5431;Yorke Peninsula & Clare Valley SA
5432;Yorke Peninsula & Clare Valley SA
5433;Yorke Peninsula & Clare Valley SA
5434;Yorke Peninsula & Clare Valley SA
5451;Yorke Peninsula & Clare Valley SA
5452;Yorke Peninsula & Clare Valley SA
5453;Yorke Peninsula & Clare Valley SA
5454;Yorke Peninsula & Clare Valley SA
5460;Yorke Peninsula & Clare Valley SA
5455;Yorke Peninsula & Clare Valley SA
5461;Yorke Peninsula & Clare Valley SA
5462;Yorke Peninsula & Clare Valley SA
5464;Yorke Peninsula & Clare Valley SA
5471;Yorke Peninsula & Clare Valley SA
5470;Yorke Peninsula & Clare Valley SA
5472;Yorke Peninsula & Clare Valley SA
5473;Yorke Peninsula & Clare Valley SA
5480;Yorke Peninsula & Clare Valley SA
5481;Yorke Peninsula & Clare Valley SA
5483;Yorke Peninsula & Clare Valley SA
5485;Yorke Peninsula & Clare Valley SA
5490;Yorke Peninsula & Clare Valley SA
5491;Yorke Peninsula & Clare Valley SA
5495;Yorke Peninsula & Clare Valley SA
5493;Yorke Peninsula & Clare Valley SA
5501;Yorke Peninsula & Clare Valley SA
5502;Yorke Peninsula & Clare Valley SA
5510;Yorke Peninsula & Clare Valley SA
5520;Yorke Peninsula & Clare Valley SA
5521;Yorke Peninsula & Clare Valley SA
5522;Yorke Peninsula & Clare Valley SA
5523;Yorke Peninsula & Clare Valley SA
5540;Yorke Peninsula & Clare Valley SA
5550;Yorke Peninsula & Clare Valley SA
5552;Yorke Peninsula & Clare Valley SA
5554;Yorke Peninsula & Clare Valley SA
5555;Yorke Peninsula & Clare Valley SA
5556;Yorke Peninsula & Clare Valley SA
5558;Yorke Peninsula & Clare Valley SA
5560;Yorke Peninsula & Clare Valley SA
5570;Yorke Peninsula & Clare Valley SA
5571;Yorke Peninsula & Clare Valley SA
5572;Yorke Peninsula & Clare Valley SA
5573;Yorke Peninsula & Clare Valley SA
5575;Yorke Peninsula & Clare Valley SA
5576;Yorke Peninsula & Clare Valley SA
5577;Yorke Peninsula & Clare Valley SA
5580;Yorke Peninsula & Clare Valley SA
5581;Yorke Peninsula & Clare Valley SA
5582;Yorke Peninsula & Clare Valley SA
5583;Yorke Peninsula & Clare Valley SA

